Year,State,State Minimum Wage,Effective Minimum Wage,Median Household Income
1990,Alabama,0,6.63,"23,357"
1990,Alaska,7.62,7.62,"39,298"
1990,Arizona,0,6.63,"29,224"
1990,Arkansas,6.43,6.63,"22,786"
1990,California,6.63,6.63,"33,290"
1990,Colorado,5.94,6.63,"30,733"
1990,Connecticut,7.42,7.42,"38,870"
1990,Delaware,6.63,6.63,"30,804"
1990,District of Columbia,6.93,6.93,"27,392"
1990,Florida,0,6.63,"26,685"
1990,Georgia,6.43,6.63,"27,561"
1990,Hawaii,7.62,7.62,"38,921"
1990,Idaho,4.55,6.63,"25,305"
1990,Illinois,6.63,6.63,"32,542"
1990,Indiana,3.96,6.63,"26,928"
1990,Iowa,0,6.63,"27,288"
1990,Kansas,3.17,6.63,"29,917"
1990,Kentucky,6.63,6.63,"24,780"
1990,Louisiana,0,6.63,"22,405"
1990,Maine,7.22,7.22,"27,464"
1990,Maryland,6.63,6.63,"38,857"
1990,Massachusetts,7.22,7.22,"36,247"
1990,Michigan,6.63,6.63,"29,937"
1990,Minnesota,7.03,7.03,"31,465"
1990,Mississippi,0,6.63,"20,178"
1990,Missouri,0,6.63,"27,332"
1990,Montana,6.63,6.63,"23,375"
1990,Nebraska,6.63,6.63,"27,482"
1990,Nevada,6.63,6.63,"32,023"
1990,New Hampshire,7.03,7.03,"40,805"
1990,New Jersey,6.63,6.63,"38,734"
1990,New Mexico,6.63,6.63,"25,039"
1990,New York,6.63,6.63,"31,591"
1990,North Carolina,6.63,6.63,"26,329"
1990,North Dakota,5.54,6.63,"25,264"
1990,Ohio,4.55,6.63,"30,013"
1990,Oklahoma,6.63,6.63,"24,384"
1990,Oregon,6.63,6.63,"29,281"
1990,Pennsylvania,6.63,6.63,"29,005"
1990,Rhode Island,7.22,7.22,"31,968"
1990,South Carolina,0,6.63,"28,735"
1990,South Dakota,5.54,6.63,"24,571"
1990,Tennessee,0,6.63,"22,592"
1990,Texas,6.63,6.63,"28,228"
1990,Utah,4.95,6.63,"30,142"
1990,Vermont,7.03,7.03,"31,098"
1990,Virginia,5.24,6.63,"35,073"
1990,Washington,4.55,6.63,"32,112"
1990,West Virginia,6.63,6.63,"22,137"
1990,Wisconsin,6.63,6.63,"30,711"
1990,Wyoming,3.17,6.63,"29,460"
1991,Alabama,0,7.22,"24,346"
1991,Alaska,8.17,8.17,"40,612"
1991,Arizona,0,7.22,"30,737"
1991,Arkansas,6.36,7.22,"23,435"
1991,California,8.07,8.07,"33,664"
1991,Colorado,5.7,7.22,"31,499"
1991,Connecticut,8.07,8.07,"42,154"
1991,Delaware,7.22,7.22,"32,585"
1991,District of Columbia,7.03,7.22,"29,885"
1991,Florida,0,7.22,"27,252"
1991,Georgia,6.17,7.22,"27,212"
1991,Hawaii,7.31,7.31,"37,246"
1991,Idaho,7.22,7.22,"26,116"
1991,Illinois,7.22,7.22,"31,884"
1991,Indiana,6.36,7.22,"27,089"
1991,Iowa,8.07,8.07,"28,553"
1991,Kansas,5.03,7.22,"29,295"
1991,Kentucky,7.22,7.22,"23,764"
1991,Louisiana,0,7.22,"25,299"
1991,Maine,7.31,7.31,"27,868"
1991,Maryland,7.22,7.22,"36,952"
1991,Massachusetts,7.12,7.22,"35,714"
1991,Michigan,6.36,7.22,"32,117"
1991,Minnesota,8.07,8.07,"29,479"
1991,Mississippi,0,7.22,"19,475"
1991,Missouri,7.22,7.22,"27,926"
1991,Montana,7.22,7.22,"24,827"
1991,Nebraska,6.36,7.22,"29,549"
1991,Nevada,7.22,7.22,"32,937"
1991,New Hampshire,7.31,7.31,"36,032"
1991,New Jersey,7.22,7.22,"40,049"
1991,New Mexico,6.36,7.22,"26,540"
1991,New York,7.22,7.22,"31,794"
1991,North Carolina,6.36,7.22,"26,853"
1991,North Dakota,6.46,7.22,"25,892"
1991,Ohio,7.22,7.22,"29,790"
1991,Oklahoma,7.22,7.22,"25,462"
1991,Oregon,9.02,9.02,"30,190"
1991,Pennsylvania,7.22,7.22,"30,367"
1991,Rhode Island,8.07,8.07,"30,836"
1991,South Carolina,0,7.22,"27,463"
1991,South Dakota,7.22,7.22,"24,639"
1991,Tennessee,0,7.22,"24,453"
1991,Texas,6.36,7.22,"27,733"
1991,Utah,7.22,7.22,"28,016"
1991,Vermont,7.31,7.31,"29,155"
1991,Virginia,5.03,7.22,"36,137"
1991,Washington,8.07,8.07,"33,970"
1991,West Virginia,6.36,7.22,"23,147"
1991,Wisconsin,7.22,7.22,"31,133"
1991,Wyoming,3.04,7.22,"29,050"
1992,Alabama,0,7.84,"25,808"
1992,Alaska,8.76,8.76,"41,802"
1992,Arizona,0,7.84,"29,358"
1992,Arkansas,6.73,7.84,"23,882"
1992,California,7.84,7.84,"34,903"
1992,Colorado,5.53,7.84,"32,484"
1992,Connecticut,7.87,7.87,"40,841"
1992,Delaware,7.84,7.84,"35,678"
1992,District of Columbia,7.19,7.84,"30,247"
1992,Florida,0,7.84,"27,349"
1992,Georgia,5.99,7.84,"28,797"
1992,Hawaii,7.1,7.84,"42,113"
1992,Idaho,7.84,7.84,"27,704"
1992,Illinois,7.84,7.84,"31,551"
1992,Indiana,6.18,7.84,"28,530"
1992,Iowa,8.57,8.57,"28,743"
1992,Kansas,4.89,7.84,"30,346"
1992,Kentucky,7.84,7.84,"23,485"
1992,Louisiana,0,7.84,"25,439"
1992,Maine,7.84,7.84,"29,617"
1992,Maryland,7.84,7.84,"37,203"
1992,Massachusetts,7.84,7.84,"36,359"
1992,Michigan,6.18,7.84,"32,267"
1992,Minnesota,7.84,7.84,"30,981"
1992,Mississippi,0,7.84,"20,570"
1992,Missouri,7.84,7.84,"27,361"
1992,Montana,7.84,7.84,"26,525"
1992,Nebraska,7.84,7.84,"30,048"
1992,Nevada,7.84,7.84,"31,908"
1992,New Hampshire,7.84,7.84,"39,436"
1992,New Jersey,7.84,7.84,"39,000"
1992,New Mexico,6.18,7.84,"25,860"
1992,New York,7.84,7.84,"31,051"
1992,North Carolina,7.01,7.84,"27,771"
1992,North Dakota,7.84,7.84,"26,959"
1992,Ohio,7.84,7.84,"31,404"
1992,Oklahoma,7.84,7.84,"25,284"
1992,Oregon,8.76,8.76,"31,927"
1992,Pennsylvania,7.84,7.84,"29,882"
1992,Rhode Island,8.2,8.2,"30,432"
1992,South Carolina,0,7.84,"27,578"
1992,South Dakota,7.84,7.84,"26,259"
1992,Tennessee,0,7.84,"24,318"
1992,Texas,6.18,7.84,"27,953"
1992,Utah,7.84,7.84,"34,251"
1992,Vermont,7.84,7.84,"32,755"
1992,Virginia,6.73,7.84,"38,198"
1992,Washington,7.84,7.84,"33,900"
1992,West Virginia,7.01,7.84,"20,271"
1992,Wisconsin,7.01,7.84,"33,308"
1992,Wyoming,2.95,7.84,"30,209"
1993,Alabama,0,7.61,"25,082"
1993,Alaska,8.5,8.5,"42,931"
1993,Arizona,0,7.61,"30,510"
1993,Arkansas,6.53,7.61,"23,039"
1993,California,7.61,7.61,"34,073"
1993,Colorado,5.37,7.61,"34,488"
1993,Connecticut,7.64,7.64,"39,516"
1993,Delaware,7.61,7.61,"36,064"
1993,District of Columbia,6.98,7.61,"27,304"
1993,Florida,0,7.61,"28,550"
1993,Georgia,5.82,7.61,"31,663"
1993,Hawaii,6.89,7.61,"42,662"
1993,Idaho,7.61,7.61,"31,010"
1993,Illinois,7.61,7.61,"32,857"
1993,Indiana,6,7.61,"29,475"
1993,Iowa,8.32,8.32,"28,663"
1993,Kansas,4.74,7.61,"29,770"
1993,Kentucky,7.61,7.61,"24,376"
1993,Louisiana,0,7.61,"26,312"
1993,Maine,7.61,7.61,"27,438"
1993,Maryland,7.61,7.61,"39,939"
1993,Massachusetts,7.61,7.61,"37,064"
1993,Michigan,6,7.61,"32,662"
1993,Minnesota,7.61,7.61,"33,682"
1993,Mississippi,0,7.61,"22,191"
1993,Missouri,7.61,7.61,"28,682"
1993,Montana,7.61,7.61,"26,470"
1993,Nebraska,7.61,7.61,"31,008"
1993,Nevada,7.61,7.61,"35,814"
1993,New Hampshire,7.61,7.61,"37,964"
1993,New Jersey,7.61,7.61,"40,500"
1993,New Mexico,6,7.61,"26,758"
1993,New York,7.61,7.61,"31,697"
1993,North Carolina,6.8,7.61,"28,820"
1993,North Dakota,7.61,7.61,"28,118"
1993,Ohio,7.61,7.61,"31,285"
1993,Oklahoma,7.61,7.61,"26,260"
1993,Oregon,8.5,8.5,"33,138"
1993,Pennsylvania,7.61,7.61,"30,995"
1993,Rhode Island,7.97,7.97,"33,509"
1993,South Carolina,0,7.61,"26,053"
1993,South Dakota,7.61,7.61,"27,737"
1993,Tennessee,0,7.61,"25,102"
1993,Texas,6,7.61,"28,727"
1993,Utah,7.61,7.61,"35,786"
1993,Vermont,7.61,7.61,"31,065"
1993,Virginia,6.53,7.61,"36,433"
1993,Washington,7.61,7.61,"35,655"
1993,West Virginia,6.8,7.61,"22,421"
1993,Wisconsin,6.8,7.61,"31,766"
1993,Wyoming,2.86,7.61,"29,442"
1994,Alabama,0,7.42,"27,196"
1994,Alaska,8.29,8.29,"45,367"
1994,Arizona,0,7.42,"31,293"
1994,Arkansas,7.42,7.42,"25,565"
1994,California,7.42,7.42,"35,331"
1994,Colorado,5.24,7.42,"37,833"
1994,Connecticut,7.45,7.45,"41,097"
1994,Delaware,7.42,7.42,"35,873"
1994,District of Columbia,7.42,7.42,"30,116"
1994,Florida,0,7.42,"29,294"
1994,Georgia,5.67,7.42,"31,467"
1994,Hawaii,9.16,9.16,"42,255"
1994,Idaho,7.42,7.42,"31,536"
1994,Illinois,7.42,7.42,"35,081"
1994,Indiana,5.85,7.42,"27,858"
1994,Iowa,8.12,8.12,"33,079"
1994,Kansas,4.63,7.42,"28,322"
1994,Kentucky,7.42,7.42,"26,595"
1994,Louisiana,0,7.42,"25,676"
1994,Maine,7.42,7.42,"30,316"
1994,Maryland,7.42,7.42,"39,198"
1994,Massachusetts,7.42,7.42,"40,500"
1994,Michigan,5.85,7.42,"35,284"
1994,Minnesota,7.42,7.42,"33,644"
1994,Mississippi,0,7.42,"25,400"
1994,Missouri,7.42,7.42,"30,190"
1994,Montana,7.42,7.42,"27,631"
1994,Nebraska,7.42,7.42,"31,794"
1994,Nevada,7.42,7.42,"35,871"
1994,New Hampshire,7.42,7.42,"35,245"
1994,New Jersey,8.81,8.81,"42,280"
1994,New Mexico,7.42,7.42,"26,905"
1994,New York,7.42,7.42,"31,899"
1994,North Carolina,7.42,7.42,"30,114"
1994,North Dakota,7.42,7.42,"28,278"
1994,Ohio,7.42,7.42,"31,855"
1994,Oklahoma,7.42,7.42,"26,991"
1994,Oregon,8.29,8.29,"31,456"
1994,Pennsylvania,7.42,7.42,"32,066"
1994,Rhode Island,7.77,7.77,"31,928"
1994,South Carolina,0,7.42,"29,846"
1994,South Dakota,7.42,7.42,"29,733"
1994,Tennessee,0,7.42,"28,639"
1994,Texas,5.85,7.42,"30,755"
1994,Utah,7.42,7.42,"35,716"
1994,Vermont,7.42,7.42,"35,802"
1994,Virginia,7.42,7.42,"37,647"
1994,Washington,7.42,7.42,"33,533"
1994,West Virginia,7.42,7.42,"23,564"
1994,Wisconsin,7.42,7.42,"35,388"
1994,Wyoming,2.79,7.42,"33,140"
1995,Alabama,0,7.21,"25,991"
1995,Alaska,8.06,8.06,"47,954"
1995,Arizona,0,7.21,"30,863"
1995,Arkansas,7.21,7.21,"25,814"
1995,California,7.21,7.21,"37,009"
1995,Colorado,5.09,7.21,"40,706"
1995,Connecticut,7.25,7.25,"40,243"
1995,Delaware,7.21,7.21,"34,928"
1995,District of Columbia,7.21,7.21,"30,748"
1995,Florida,0,7.21,"29,745"
1995,Georgia,5.52,7.21,"34,099"
1995,Hawaii,8.91,8.91,"42,851"
1995,Idaho,7.21,7.21,"32,676"
1995,Illinois,7.21,7.21,"38,071"
1995,Indiana,5.69,7.21,"33,385"
1995,Iowa,7.89,7.89,"35,519"
1995,Kansas,4.5,7.21,"30,341"
1995,Kentucky,7.21,7.21,"29,810"
1995,Louisiana,0,7.21,"27,949"
1995,Maine,7.21,7.21,"33,858"
1995,Maryland,7.21,7.21,"41,041"
1995,Massachusetts,7.21,7.21,"38,574"
1995,Michigan,5.69,7.21,"36,426"
1995,Minnesota,7.21,7.21,"37,933"
1995,Mississippi,0,7.21,"26,538"
1995,Missouri,7.21,7.21,"34,825"
1995,Montana,7.21,7.21,"27,757"
1995,Nebraska,7.21,7.21,"32,929"
1995,Nevada,7.21,7.21,"36,084"
1995,New Hampshire,7.21,7.21,"39,171"
1995,New Jersey,8.57,8.57,"43,924"
1995,New Mexico,7.21,7.21,"25,991"
1995,New York,7.21,7.21,"33,028"
1995,North Carolina,7.21,7.21,"31,979"
1995,North Dakota,7.21,7.21,"29,089"
1995,Ohio,7.21,7.21,"34,941"
1995,Oklahoma,7.21,7.21,"26,311"
1995,Oregon,8.06,8.06,"36,374"
1995,Pennsylvania,7.21,7.21,"34,524"
1995,Rhode Island,7.55,7.55,"35,359"
1995,South Carolina,0,7.21,"29,071"
1995,South Dakota,7.21,7.21,"29,578"
1995,Tennessee,0,7.21,"29,015"
1995,Texas,5.69,7.21,"32,039"
1995,Utah,7.21,7.21,"36,480"
1995,Vermont,7.21,7.21,"33,824"
1995,Virginia,7.21,7.21,"36,222"
1995,Washington,7.21,7.21,"35,568"
1995,West Virginia,7.21,7.21,"24,880"
1995,Wisconsin,7.21,7.21,"40,955"
1995,Wyoming,2.72,7.21,"31,529"
1996,Alabama,0,7.01,"30,302"
1996,Alaska,7.83,7.83,"52,779"
1996,Arizona,0,7.01,"31,637"
1996,Arkansas,7.01,7.01,"27,123"
1996,California,7.01,7.01,"38,812"
1996,Colorado,4.95,7.01,"40,950"
1996,Connecticut,7.04,7.04,"42,119"
1996,Delaware,7.67,7.67,"39,309"
1996,District of Columbia,8.65,8.65,"31,966"
1996,Florida,0,7.01,"30,641"
1996,Georgia,5.36,7.01,"32,496"
1996,Hawaii,8.65,8.65,"41,772"
1996,Idaho,7.01,7.01,"34,709"
1996,Illinois,7.01,7.01,"39,554"
1996,Indiana,5.52,7.01,"35,147"
1996,Iowa,7.67,7.67,"33,209"
1996,Kansas,4.37,7.01,"32,585"
1996,Kentucky,7.01,7.01,"32,413"
1996,Louisiana,0,7.01,"30,262"
1996,Maine,7.01,7.01,"34,696"
1996,Maryland,7.01,7.01,"43,993"
1996,Massachusetts,7.83,7.83,"39,494"
1996,Michigan,5.52,7.01,"39,225"
1996,Minnesota,7.01,7.01,"40,991"
1996,Mississippi,0,7.01,"26,677"
1996,Missouri,7.01,7.01,"34,265"
1996,Montana,7.01,7.01,"28,684"
1996,Nebraska,7.01,7.01,"34,014"
1996,Nevada,7.01,7.01,"38,540"
1996,New Hampshire,7.01,7.01,"39,407"
1996,New Jersey,8.33,8.33,"47,468"
1996,New Mexico,7.01,7.01,"25,086"
1996,New York,7.01,7.01,"35,410"
1996,North Carolina,7.01,7.01,"35,601"
1996,North Dakota,7.01,7.01,"31,470"
1996,Ohio,7.01,7.01,"34,070"
1996,Oklahoma,7.01,7.01,"27,437"
1996,Oregon,7.83,7.83,"35,492"
1996,Pennsylvania,7.01,7.01,"34,899"
1996,Rhode Island,7.34,7.34,"36,986"
1996,South Carolina,0,7.01,"34,665"
1996,South Dakota,7.01,7.01,"29,526"
1996,Tennessee,0,7.01,"30,790"
1996,Texas,5.52,7.01,"33,072"
1996,Utah,7.01,7.01,"37,038"
1996,Vermont,7.83,7.83,"32,358"
1996,Virginia,7.01,7.01,"39,211"
1996,Washington,8.08,8.08,"36,676"
1996,West Virginia,7.01,7.01,"25,247"
1996,Wisconsin,7.01,7.01,"40,001"
1996,Wyoming,2.64,7.01,"30,953"
1997,Alabama,0,7.66,"31,939"
1997,Alaska,8.46,8.46,"47,994"
1997,Arizona,0,7.66,"32,740"
1997,Arkansas,6.85,7.66,"26,162"
1997,California,7.66,7.66,"39,694"
1997,Colorado,7.66,7.66,"43,233"
1997,Connecticut,7.69,7.69,"43,985"
1997,Delaware,8.06,8.06,"43,033"
1997,District of Columbia,9.27,9.27,"31,860"
1997,Florida,0,7.66,"32,455"
1997,Georgia,5.24,7.66,"36,663"
1997,Hawaii,8.46,8.46,"40,934"
1997,Idaho,6.85,7.66,"33,404"
1997,Illinois,7.66,7.66,"41,283"
1997,Indiana,5.4,7.66,"38,889"
1997,Iowa,7.66,7.66,"33,783"
1997,Kansas,4.27,7.66,"36,471"
1997,Kentucky,6.85,7.66,"33,452"
1997,Louisiana,0,7.66,"33,260"
1997,Maine,7.66,7.66,"32,772"
1997,Maryland,7.66,7.66,"46,685"
1997,Massachusetts,8.46,8.46,"42,023"
1997,Michigan,5.4,7.66,"38,742"
1997,Minnesota,6.85,7.66,"42,564"
1997,Mississippi,0,7.66,"28,499"
1997,Missouri,7.66,7.66,"36,553"
1997,Montana,7.66,7.66,"29,212"
1997,Nebraska,6.85,7.66,"34,692"
1997,Nevada,7.66,7.66,"38,854"
1997,New Hampshire,7.66,7.66,"40,998"
1997,New Jersey,8.14,8.14,"48,021"
1997,New Mexico,6.85,7.66,"30,086"
1997,New York,6.85,7.66,"35,798"
1997,North Carolina,6.85,7.66,"35,840"
1997,North Dakota,7.66,7.66,"31,661"
1997,Ohio,6.85,7.66,"36,134"
1997,Oklahoma,7.66,7.66,"31,351"
1997,Oregon,8.86,8.86,"37,247"
1997,Pennsylvania,7.66,7.66,"37,517"
1997,Rhode Island,8.3,8.3,"34,797"
1997,South Carolina,0,7.66,"34,262"
1997,South Dakota,6.85,7.66,"29,694"
1997,Tennessee,0,7.66,"30,636"
1997,Texas,5.4,7.66,"35,075"
1997,Utah,7.66,7.66,"42,775"
1997,Vermont,8.06,8.06,"35,053"
1997,Virginia,7.66,7.66,"42,957"
1997,Washington,7.9,7.9,"44,562"
1997,West Virginia,6.85,7.66,"27,488"
1997,Wisconsin,7.66,7.66,"39,595"
1997,Wyoming,2.58,7.66,"33,423"
1998,Alabama,0,8.17,"36,266"
1998,Alaska,8.97,8.97,"50,692"
1998,Arizona,0,8.17,"37,090"
1998,Arkansas,8.17,8.17,"27,665"
1998,California,8.17,8.17,"40,934"
1998,Colorado,8.17,8.17,"46,599"
1998,Connecticut,8.22,8.22,"46,508"
1998,Delaware,8.17,8.17,"41,458"
1998,District of Columbia,9.76,9.76,"33,433"
1998,Florida,0,8.17,"34,909"
1998,Georgia,5.16,8.17,"38,665"
1998,Hawaii,8.33,8.33,"40,827"
1998,Idaho,8.17,8.17,"36,680"
1998,Illinois,8.17,8.17,"43,178"
1998,Indiana,5.32,8.17,"39,731"
1998,Iowa,8.17,8.17,"37,019"
1998,Kansas,4.21,8.17,"36,711"
1998,Kentucky,6.74,8.17,"36,252"
1998,Louisiana,0,8.17,"31,735"
1998,Maine,8.17,8.17,"35,640"
1998,Maryland,8.17,8.17,"50,016"
1998,Massachusetts,8.33,8.33,"42,345"
1998,Michigan,8.17,8.17,"41,821"
1998,Minnesota,8.17,8.17,"47,926"
1998,Mississippi,0,8.17,"29,120"
1998,Missouri,8.17,8.17,"40,201"
1998,Montana,8.17,8.17,"31,577"
1998,Nebraska,8.17,8.17,"36,413"
1998,Nevada,8.17,8.17,"39,756"
1998,New Hampshire,8.17,8.17,"44,958"
1998,New Jersey,8.01,8.17,"49,826"
1998,New Mexico,6.74,8.17,"31,543"
1998,New York,6.74,8.17,"37,394"
1998,North Carolina,8.17,8.17,"35,838"
1998,North Dakota,8.17,8.17,"30,304"
1998,Ohio,6.74,8.17,"38,925"
1998,Oklahoma,8.17,8.17,"33,727"
1998,Oregon,9.52,9.52,"39,067"
1998,Pennsylvania,8.17,8.17,"39,015"
1998,Rhode Island,8.17,8.17,"40,686"
1998,South Carolina,0,8.17,"33,267"
1998,South Dakota,8.17,8.17,"32,786"
1998,Tennessee,0,8.17,"34,091"
1998,Texas,5.32,8.17,"35,783"
1998,Utah,8.17,8.17,"44,299"
1998,Vermont,8.33,8.33,"39,372"
1998,Virginia,8.17,8.17,"43,354"
1998,Washington,7.78,8.17,"47,421"
1998,West Virginia,7.54,8.17,"26,704"
1998,Wisconsin,8.17,8.17,"41,327"
1998,Wyoming,2.54,8.17,"35,250"
1999,Alabama,0,8,"36,251"
1999,Alaska,8.77,8.77,"51,396"
1999,Arizona,0,8,"36,995"
1999,Arkansas,8,8,"29,682"
1999,California,8,8,"43,629"
1999,Colorado,8,8,"48,177"
1999,Connecticut,8.04,8.04,"50,593"
1999,Delaware,8,8,"46,628"
1999,District of Columbia,9.55,9.55,"38,670"
1999,Florida,0,8,"35,831"
1999,Georgia,5.05,8,"39,425"
1999,Hawaii,8.15,8.15,"44,504"
1999,Idaho,8,8,"35,800"
1999,Illinois,8,8,"46,330"
1999,Indiana,5.2,8,"40,838"
1999,Iowa,8,8,"41,098"
1999,Kansas,4.11,8,"37,348"
1999,Kentucky,6.6,8,"33,738"
1999,Louisiana,0,8,"32,654"
1999,Maine,8,8,"38,862"
1999,Maryland,8,8,"52,205"
1999,Massachusetts,8.15,8.15,"44,005"
1999,Michigan,8,8,"46,089"
1999,Minnesota,8,8,"47,038"
1999,Mississippi,0,8,"32,478"
1999,Missouri,8,8,"41,383"
1999,Montana,8,8,"31,038"
1999,Nebraska,8,8,"38,626"
1999,Nevada,8,8,"41,461"
1999,New Hampshire,8,8,"46,055"
1999,New Jersey,7.84,8,"49,734"
1999,New Mexico,6.6,8,"32,574"
1999,New York,6.6,8,"39,989"
1999,North Carolina,8,8,"37,254"
1999,North Dakota,8,8,"32,663"
1999,Ohio,6.6,8,"39,489"
1999,Oklahoma,8,8,"32,683"
1999,Oregon,9.32,9.32,"40,619"
1999,Pennsylvania,8,8,"37,758"
1999,Rhode Island,8,8,"42,719"
1999,South Carolina,0,8,"36,462"
1999,South Dakota,8,8,"35,828"
1999,Tennessee,0,8,"36,522"
1999,Texas,5.2,8,"38,688"
1999,Utah,8,8,"46,050"
1999,Vermont,8.15,8.15,"41,584"
1999,Virginia,8,8,"45,693"
1999,Washington,7.61,8,"45,473"
1999,West Virginia,7.37,8,"29,297"
1999,Wisconsin,8,8,"45,667"
1999,Wyoming,2.48,8,"37,248"
2000,Alabama,0,7.74,"35,424"
2000,Alaska,8.49,8.49,"52,847"
2000,Arizona,0,7.74,"39,783"
2000,Arkansas,7.74,7.74,"29,697"
2000,California,8.64,8.64,"46,816"
2000,Colorado,7.74,7.74,"48,240"
2000,Connecticut,9.24,9.24,"50,172"
2000,Delaware,8.49,8.49,"50,365"
2000,District of Columbia,9.24,9.24,"41,222"
2000,Florida,0,7.74,"38,856"
2000,Georgia,4.88,7.74,"41,901"
2000,Hawaii,7.89,7.89,"51,546"
2000,Idaho,7.74,7.74,"37,611"
2000,Illinois,7.74,7.74,"46,064"
2000,Indiana,7.74,7.74,"40,865"
2000,Iowa,7.74,7.74,"40,991"
2000,Kansas,3.98,7.74,"41,059"
2000,Kentucky,7.74,7.74,"36,265"
2000,Louisiana,0,7.74,"30,718"
2000,Maine,7.74,7.74,"37,266"
2000,Maryland,7.74,7.74,"54,535"
2000,Massachusetts,9.01,9.01,"46,753"
2000,Michigan,7.74,7.74,"45,512"
2000,Minnesota,7.36,7.74,"54,251"
2000,Mississippi,0,7.74,"34,299"
2000,Missouri,7.74,7.74,"45,097"
2000,Montana,6.01,7.74,"32,777"
2000,Nebraska,7.74,7.74,"41,750"
2000,Nevada,7.74,7.74,"45,758"
2000,New Hampshire,7.74,7.74,"50,926"
2000,New Jersey,7.74,7.74,"50,405"
2000,New Mexico,6.38,7.74,"35,093"
2000,New York,6.38,7.74,"40,744"
2000,North Carolina,7.74,7.74,"38,317"
2000,North Dakota,7.74,7.74,"35,996"
2000,Ohio,4.21,7.74,"42,962"
2000,Oklahoma,3,7.74,"32,432"
2000,Oregon,9.76,9.76,"42,499"
2000,Pennsylvania,7.74,7.74,"42,176"
2000,Rhode Island,8.49,8.49,"42,197"
2000,South Carolina,0,7.74,"37,570"
2000,South Dakota,7.74,7.74,"36,475"
2000,Tennessee,0,7.74,"34,096"
2000,Texas,5.03,7.74,"38,609"
2000,Utah,7.74,7.74,"47,550"
2000,Vermont,8.64,8.64,"39,594"
2000,Virginia,7.74,7.74,"47,163"
2000,Washington,9.76,9.76,"42,525"
2000,West Virginia,7.74,7.74,"29,411"
2000,Wisconsin,7.74,7.74,"45,088"
2000,Wyoming,2.4,7.74,"39,629"
2001,Alabama,0,7.52,"35,160"
2001,Alaska,8.25,8.25,"57,363"
2001,Arizona,0,7.52,"42,704"
2001,Arkansas,7.52,7.52,"33,339"
2001,California,9.13,9.13,"47,262"
2001,Colorado,7.52,7.52,"49,397"
2001,Connecticut,9.35,9.35,"53,347"
2001,Delaware,8.98,8.98,"49,602"
2001,District of Columbia,8.98,8.98,"41,169"
2001,Florida,0,7.52,"36,421"
2001,Georgia,4.75,7.52,"42,576"
2001,Hawaii,7.67,7.67,"47,439"
2001,Idaho,7.52,7.52,"38,241"
2001,Illinois,7.52,7.52,"46,171"
2001,Indiana,7.52,7.52,"40,379"
2001,Iowa,7.52,7.52,"40,976"
2001,Kansas,3.87,7.52,"41,415"
2001,Kentucky,7.52,7.52,"38,437"
2001,Louisiana,0,7.52,"33,322"
2001,Maine,7.52,7.52,"36,612"
2001,Maryland,7.52,7.52,"53,530"
2001,Massachusetts,9.86,9.86,"52,253"
2001,Michigan,7.52,7.52,"45,047"
2001,Minnesota,7.16,7.52,"52,681"
2001,Mississippi,0,7.52,"30,161"
2001,Missouri,7.52,7.52,"41,339"
2001,Montana,5.84,7.52,"32,126"
2001,Nebraska,7.52,7.52,"43,611"
2001,Nevada,7.52,7.52,"45,403"
2001,New Hampshire,7.52,7.52,"51,331"
2001,New Jersey,7.52,7.52,"51,771"
2001,New Mexico,6.21,7.52,"33,124"
2001,New York,7.52,7.52,"42,114"
2001,North Carolina,7.52,7.52,"38,162"
2001,North Dakota,7.52,7.52,"35,793"
2001,Ohio,4.09,7.52,"41,785"
2001,Oklahoma,2.92,7.52,"35,609"
2001,Oregon,9.49,9.49,"41,273"
2001,Pennsylvania,7.52,7.52,"43,499"
2001,Rhode Island,8.98,8.98,"45,723"
2001,South Carolina,0,7.52,"37,736"
2001,South Dakota,7.52,7.52,"39,671"
2001,Tennessee,0,7.52,"35,783"
2001,Texas,4.89,7.52,"40,860"
2001,Utah,7.52,7.52,"47,342"
2001,Vermont,9.13,9.13,"40,794"
2001,Virginia,7.52,7.52,"50,241"
2001,Washington,9.81,9.81,"42,490"
2001,West Virginia,7.52,7.52,"29,673"
2001,Wisconsin,7.52,7.52,"45,346"
2001,Wyoming,2.34,7.52,"39,719"
2002,Alabama,0,7.4,"37,603"
2002,Alaska,8.12,8.12,"52,774"
2002,Arizona,0,7.4,"39,734"
2002,Arkansas,7.4,7.4,"32,387"
2002,California,9.71,9.71,"47,437"
2002,Colorado,7.4,7.4,"48,294"
2002,Connecticut,9.63,9.63,"53,387"
2002,Delaware,8.84,8.84,"49,650"
2002,District of Columbia,8.84,8.84,"39,070"
2002,Florida,0,7.4,"38,024"
2002,Georgia,7.4,7.4,"42,939"
2002,Hawaii,8.27,8.27,"47,303"
2002,Idaho,7.4,7.4,"37,715"
2002,Illinois,7.4,7.4,"42,710"
2002,Indiana,7.4,7.4,"41,047"
2002,Iowa,7.4,7.4,"41,049"
2002,Kansas,3.81,7.4,"42,619"
2002,Kentucky,7.4,7.4,"36,762"
2002,Louisiana,0,7.4,"34,008"
2002,Maine,8.27,8.27,"36,853"
2002,Maryland,7.4,7.4,"56,407"
2002,Massachusetts,9.71,9.71,"49,855"
2002,Michigan,7.4,7.4,"42,715"
2002,Minnesota,7.05,7.4,"54,622"
2002,Mississippi,0,7.4,"30,882"
2002,Missouri,7.4,7.4,"42,776"
2002,Montana,5.75,7.4,"34,835"
2002,Nebraska,7.4,7.4,"42,796"
2002,Nevada,7.4,7.4,"44,958"
2002,New Hampshire,7.4,7.4,"55,321"
2002,New Jersey,7.4,7.4,"54,568"
2002,New Mexico,6.11,7.4,"35,457"
2002,New York,7.4,7.4,"41,966"
2002,North Carolina,7.4,7.4,"36,515"
2002,North Dakota,7.4,7.4,"36,200"
2002,Ohio,4.03,7.4,"42,684"
2002,Oklahoma,2.88,7.4,"36,458"
2002,Oregon,9.35,9.35,"41,802"
2002,Pennsylvania,7.4,7.4,"42,498"
2002,Rhode Island,8.84,8.84,"42,417"
2002,South Carolina,0,7.4,"37,812"
2002,South Dakota,7.4,7.4,"37,873"
2002,Tennessee,0,7.4,"37,030"
2002,Texas,7.4,7.4,"40,149"
2002,Utah,7.4,7.4,"47,861"
2002,Vermont,8.99,8.99,"42,999"
2002,Virginia,7.4,7.4,"49,631"
2002,Washington,9.92,9.92,"45,183"
2002,West Virginia,7.4,7.4,"29,359"
2002,Wisconsin,7.4,7.4,"45,903"
2002,Wyoming,7.4,7.4,"39,763"
2003,Alabama,0,7.24,"37,255"
2003,Alaska,10.05,10.05,"51,837"
2003,Arizona,0,7.24,"41,166"
2003,Arkansas,7.24,7.24,"32,002"
2003,California,9.49,9.49,"49,300"
2003,Colorado,7.24,7.24,"49,940"
2003,Connecticut,9.7,9.7,"54,965"
2003,Delaware,8.65,8.65,"49,019"
2003,District of Columbia,8.65,8.65,"45,044"
2003,Florida,0,7.24,"38,972"
2003,Georgia,7.24,7.24,"42,438"
2003,Hawaii,8.79,8.79,"51,834"
2003,Idaho,7.24,7.24,"42,372"
2003,Illinois,7.24,7.24,"45,153"
2003,Indiana,7.24,7.24,"42,425"
2003,Iowa,7.24,7.24,"41,384"
2003,Kansas,3.73,7.24,"44,232"
2003,Kentucky,7.24,7.24,"36,936"
2003,Louisiana,0,7.24,"33,507"
2003,Maine,8.79,8.79,"37,113"
2003,Maryland,7.24,7.24,"52,314"
2003,Massachusetts,9.49,9.49,"50,955"
2003,Michigan,7.24,7.24,"45,022"
2003,Minnesota,6.89,7.24,"52,823"
2003,Mississippi,0,7.24,"32,728"
2003,Missouri,7.24,7.24,"43,762"
2003,Montana,5.62,7.24,"34,108"
2003,Nebraska,7.24,7.24,"43,974"
2003,Nevada,7.24,7.24,"45,184"
2003,New Hampshire,7.24,7.24,"55,567"
2003,New Jersey,7.24,7.24,"56,045"
2003,New Mexico,5.97,7.24,"35,105"
2003,New York,7.24,7.24,"42,788"
2003,North Carolina,7.24,7.24,"37,279"
2003,North Dakota,7.24,7.24,"40,410"
2003,Ohio,3.94,7.24,"43,520"
2003,Oklahoma,2.81,7.24,"35,902"
2003,Oregon,9.7,9.7,"41,638"
2003,Pennsylvania,7.24,7.24,"42,933"
2003,Rhode Island,8.65,8.65,"44,711"
2003,South Carolina,0,7.24,"38,479"
2003,South Dakota,7.24,7.24,"39,522"
2003,Tennessee,0,7.24,"37,523"
2003,Texas,7.24,7.24,"39,271"
2003,Utah,7.24,7.24,"49,275"
2003,Vermont,8.79,8.79,"43,261"
2003,Virginia,7.24,7.24,"54,783"
2003,Washington,9.85,9.85,"47,508"
2003,West Virginia,7.24,7.24,"32,763"
2003,Wisconsin,7.24,7.24,"46,269"
2003,Wyoming,7.24,7.24,"42,555"
2004,Alabama,0,7.05,"36,629"
2004,Alaska,9.79,9.79,"55,063"
2004,Arizona,0,7.05,"43,846"
2004,Arkansas,7.05,7.05,"34,984"
2004,California,9.24,9.24,"49,222"
2004,Colorado,7.05,7.05,"50,886"
2004,Connecticut,9.72,9.72,"55,100"
2004,Delaware,8.42,8.42,"48,049"
2004,District of Columbia,8.42,8.42,"43,451"
2004,Florida,0,7.05,"40,535"
2004,Georgia,7.05,7.05,"40,984"
2004,Hawaii,8.56,8.56,"56,242"
2004,Idaho,7.05,7.05,"44,358"
2004,Illinois,7.53,7.53,"46,077"
2004,Indiana,7.05,7.05,"42,329"
2004,Iowa,7.05,7.05,"43,391"
2004,Kansas,3.63,7.05,"41,066"
2004,Kentucky,7.05,7.05,"35,610"
2004,Louisiana,0,7.05,"36,429"
2004,Maine,8.56,8.56,"41,329"
2004,Maryland,7.05,7.05,"57,103"
2004,Massachusetts,9.24,9.24,"52,019"
2004,Michigan,7.05,7.05,"42,256"
2004,Minnesota,6.71,7.05,"56,104"
2004,Mississippi,0,7.05,"34,755"
2004,Missouri,7.05,7.05,"42,137"
2004,Montana,5.48,7.05,"33,956"
2004,Nebraska,7.05,7.05,"43,786"
2004,Nevada,7.05,7.05,"47,204"
2004,New Hampshire,7.05,7.05,"56,815"
2004,New Jersey,7.05,7.05,"55,275"
2004,New Mexico,7.05,7.05,"39,562"
2004,New York,7.05,7.05,"44,649"
2004,North Carolina,7.05,7.05,"40,238"
2004,North Dakota,7.05,7.05,"39,220"
2004,Ohio,3.83,7.05,"43,055"
2004,Oklahoma,2.74,7.05,"39,614"
2004,Oregon,9.65,9.65,"40,994"
2004,Pennsylvania,7.05,7.05,"44,106"
2004,Rhode Island,9.24,9.24,"47,935"
2004,South Carolina,0,7.05,"38,691"
2004,South Dakota,7.05,7.05,"41,107"
2004,Tennessee,0,7.05,"38,072"
2004,Texas,7.05,7.05,"41,397"
2004,Utah,7.05,7.05,"50,871"
2004,Vermont,9.24,9.24,"47,329"
2004,Virginia,7.05,7.05,"51,141"
2004,Washington,9.8,9.8,"49,922"
2004,West Virginia,7.05,7.05,"33,373"
2004,Wisconsin,7.05,7.05,"45,732"
2004,Wyoming,7.05,7.05,"45,397"
2005,Alabama,0,6.82,"37,150"
2005,Alaska,9.47,9.47,"55,891"
2005,Arizona,0,6.82,"45,245"
2005,Arkansas,6.82,6.82,"36,658"
2005,California,8.94,8.94,"51,755"
2005,Colorado,6.82,6.82,"50,449"
2005,Connecticut,9.4,9.4,"56,835"
2005,Delaware,8.15,8.15,"51,235"
2005,District of Columbia,8.74,8.74,"44,993"
2005,Florida,0,6.82,"42,990"
2005,Georgia,6.82,6.82,"45,926"
2005,Hawaii,8.28,8.28,"59,586"
2005,Idaho,6.82,6.82,"44,176"
2005,Illinois,8.61,8.61,"48,398"
2005,Indiana,6.82,6.82,"42,437"
2005,Iowa,6.82,6.82,"46,500"
2005,Kansas,3.51,6.82,"42,027"
2005,Kentucky,6.82,6.82,"36,699"
2005,Louisiana,0,6.82,"37,236"
2005,Maine,8.41,8.41,"43,923"
2005,Maryland,6.82,6.82,"60,512"
2005,Massachusetts,8.94,8.94,"56,017"
2005,Michigan,6.82,6.82,"45,933"
2005,Minnesota,6.49,6.82,"54,215"
2005,Mississippi,0,6.82,"32,875"
2005,Missouri,6.82,6.82,"42,986"
2005,Montana,5.3,6.82,"37,313"
2005,Nebraska,6.82,6.82,"47,923"
2005,Nevada,6.82,6.82,"48,209"
2005,New Hampshire,6.82,6.82,"56,984"
2005,New Jersey,6.82,6.82,"63,368"
2005,New Mexico,6.82,6.82,"38,947"
2005,New York,7.95,7.95,"47,176"
2005,North Carolina,6.82,6.82,"42,056"
2005,North Dakota,6.82,6.82,"42,192"
2005,Ohio,3.71,6.82,"44,203"
2005,Oklahoma,2.65,6.82,"37,645"
2005,Oregon,9.6,9.6,"44,159"
2005,Pennsylvania,6.82,6.82,"46,300"
2005,Rhode Island,8.94,8.94,"49,484"
2005,South Carolina,0,6.82,"40,230"
2005,South Dakota,6.82,6.82,"43,151"
2005,Tennessee,0,6.82,"39,406"
2005,Texas,6.82,6.82,"41,422"
2005,Utah,6.82,6.82,"54,813"
2005,Vermont,9.27,9.27,"50,704"
2005,Virginia,6.82,6.82,"51,914"
2005,Washington,9.73,9.73,"50,646"
2005,West Virginia,6.82,6.82,"36,445"
2005,Wisconsin,6.82,6.82,"44,650"
2005,Wyoming,6.82,6.82,"44,718"
2006,Alabama,0,6.61,"37,952"
2006,Alaska,9.17,9.17,"56,418"
2006,Arizona,0,6.61,"46,657"
2006,Arkansas,6.61,6.61,"37,057"
2006,California,8.66,8.66,"55,319"
2006,Colorado,6.61,6.61,"55,697"
2006,Connecticut,9.49,9.49,"62,404"
2006,Delaware,7.89,7.89,"52,438"
2006,District of Columbia,8.98,8.98,"48,477"
2006,Florida,8.21,8.21,"45,676"
2006,Georgia,6.61,6.61,"49,344"
2006,Hawaii,8.66,8.66,"60,470"
2006,Idaho,6.61,6.61,"46,213"
2006,Illinois,8.34,8.34,"48,671"
2006,Indiana,6.61,6.61,"45,407"
2006,Iowa,6.61,6.61,"48,126"
2006,Kansas,3.4,6.61,"45,552"
2006,Kentucky,6.61,6.61,"39,485"
2006,Louisiana,0,6.61,"36,488"
2006,Maine,8.34,8.34,"45,642"
2006,Maryland,6.61,6.61,"63,668"
2006,Massachusetts,8.66,8.66,"55,330"
2006,Michigan,6.61,6.61,"48,647"
2006,Minnesota,6.74,6.74,"56,211"
2006,Mississippi,0,6.61,"34,733"
2006,Missouri,6.61,6.61,"44,579"
2006,Montana,5.13,6.61,"41,105"
2006,Nebraska,6.61,6.61,"48,145"
2006,Nevada,6.61,6.61,"52,282"
2006,New Hampshire,6.61,6.61,"61,970"
2006,New Jersey,7.89,7.89,"68,059"
2006,New Mexico,6.61,6.61,"40,028"
2006,New York,8.66,8.66,"48,222"
2006,North Carolina,6.61,6.61,"39,797"
2006,North Dakota,6.61,6.61,"41,047"
2006,Ohio,3.59,6.61,"45,900"
2006,Oklahoma,2.57,6.61,"38,838"
2006,Oregon,9.62,9.62,"47,091"
2006,Pennsylvania,6.61,6.61,"48,477"
2006,Rhode Island,8.66,8.66,"53,736"
2006,South Carolina,0,6.61,"39,617"
2006,South Dakota,6.61,6.61,"45,427"
2006,Tennessee,0,6.61,"40,693"
2006,Texas,6.61,6.61,"43,307"
2006,Utah,6.61,6.61,"54,628"
2006,Vermont,9.3,9.3,"51,981"
2006,Virginia,6.61,6.61,"57,119"
2006,Washington,9.79,9.79,"54,723"
2006,West Virginia,6.61,6.61,"38,419"
2006,Wisconsin,7.31,7.31,"51,692"
2006,Wyoming,6.61,6.61,"47,041"
2007,Alabama,0,6.42,"42,212"
2007,Alaska,8.92,8.92,"62,993"
2007,Arizona,8.42,8.42,"47,215"
2007,Arkansas,7.8,7.8,"40,795"
2007,California,9.36,9.36,"55,734"
2007,Colorado,8.55,8.55,"61,141"
2007,Connecticut,9.54,9.54,"64,141"
2007,Delaware,8.3,8.3,"54,589"
2007,District of Columbia,8.73,8.73,"50,783"
2007,Florida,8.32,8.32,"45,794"
2007,Georgia,6.42,6.42,"48,641"
2007,Hawaii,9.04,9.04,"64,022"
2007,Idaho,6.42,6.42,"49,184"
2007,Illinois,9.36,9.36,"52,506"
2007,Indiana,6.42,6.42,"47,453"
2007,Iowa,6.42,6.42,"48,908"
2007,Kansas,3.31,6.42,"48,497"
2007,Kentucky,6.42,6.42,"39,452"
2007,Louisiana,0,6.42,"41,313"
2007,Maine,8.42,8.42,"47,894"
2007,Maryland,7.67,7.67,"65,630"
2007,Massachusetts,9.36,9.36,"58,463"
2007,Michigan,8.67,8.67,"49,370"
2007,Minnesota,6.55,6.55,"58,058"
2007,Mississippi,0,6.42,"37,279"
2007,Missouri,8.11,8.11,"46,005"
2007,Montana,4.99,6.42,"43,655"
2007,Nebraska,6.42,6.42,"49,174"
2007,Nevada,7.67,7.67,"54,058"
2007,New Hampshire,6.42,6.42,"67,576"
2007,New Jersey,8.92,8.92,"60,508"
2007,New Mexico,6.42,6.42,"44,356"
2007,New York,8.92,8.92,"48,944"
2007,North Carolina,7.67,7.67,"43,513"
2007,North Dakota,6.42,6.42,"47,205"
2007,Ohio,8.55,8.55,"49,099"
2007,Oklahoma,2.5,6.42,"43,216"
2007,Oregon,9.73,9.73,"50,236"
2007,Pennsylvania,7.8,7.8,"48,437"
2007,Rhode Island,9.23,9.23,"54,210"
2007,South Carolina,0,6.42,"44,213"
2007,South Dakota,6.42,6.42,"46,418"
2007,Tennessee,0,6.42,"41,195"
2007,Texas,6.42,6.42,"46,053"
2007,Utah,6.42,6.42,"53,529"
2007,Vermont,9.39,9.39,"47,390"
2007,Virginia,6.42,6.42,"59,161"
2007,Washington,9.89,9.89,"58,080"
2007,West Virginia,7.3,7.3,"42,091"
2007,Wisconsin,8.11,8.11,"51,277"
2007,Wyoming,6.42,6.42,"48,744"
2008,Alabama,0,7.03,"44,476"
2008,Alaska,8.59,8.59,"63,989"
2008,Arizona,8.29,8.29,"46,914"
2008,Arkansas,7.51,7.51,"39,586"
2008,California,9.61,9.61,"57,014"
2008,Colorado,8.43,8.43,"60,943"
2008,Connecticut,9.19,9.19,"64,682"
2008,Delaware,8.59,8.59,"50,702"
2008,District of Columbia,8.41,8.41,"55,590"
2008,Florida,8.16,8.16,"44,857"
2008,Georgia,6.19,7.03,"46,227"
2008,Hawaii,8.71,8.71,"61,521"
2008,Idaho,7.03,7.03,"47,420"
2008,Illinois,9.31,9.31,"53,254"
2008,Indiana,7.03,7.03,"46,520"
2008,Iowa,8.71,8.71,"50,142"
2008,Kansas,3.18,7.03,"47,877"
2008,Kentucky,7.03,7.03,"41,148"
2008,Louisiana,0,7.03,"39,563"
2008,Maine,8.41,8.41,"47,228"
2008,Maryland,7.39,7.39,"63,711"
2008,Massachusetts,9.61,9.61,"60,320"
2008,Michigan,8.59,8.59,"49,788"
2008,Minnesota,6.31,7.03,"54,925"
2008,Mississippi,0,7.03,"36,446"
2008,Missouri,7.99,7.99,"46,038"
2008,Montana,4.81,7.03,"42,900"
2008,Nebraska,7.03,7.03,"50,728"
2008,Nevada,7.6,7.6,"54,744"
2008,New Hampshire,7.81,7.81,"66,176"
2008,New Jersey,8.59,8.59,"65,306"
2008,New Mexico,7.81,7.81,"42,102"
2008,New York,8.59,8.59,"50,461"
2008,North Carolina,7.39,7.39,"42,930"
2008,North Dakota,7.03,7.03,"49,631"
2008,Ohio,8.41,8.41,"46,934"
2008,Oklahoma,2.4,7.03,"46,111"
2008,Oregon,9.55,9.55,"51,727"
2008,Pennsylvania,8.59,8.59,"51,402"
2008,Rhode Island,8.89,8.89,"53,241"
2008,South Carolina,0,7.03,"42,155"
2008,South Dakota,7.03,7.03,"51,600"
2008,Tennessee,0,7.03,"39,702"
2008,Texas,7.03,7.03,"46,490"
2008,Utah,7.03,7.03,"62,537"
2008,Vermont,9.23,9.23,"50,706"
2008,Virginia,7.03,7.03,"61,985"
2008,Washington,9.7,9.7,"56,631"
2008,West Virginia,7.87,7.87,"37,994"
2008,Wisconsin,7.81,7.81,"51,200"
2008,Wyoming,6.19,7.03,"53,337"
2009,Alabama,0,7.9,"39,980"
2009,Alaska,8.62,8.62,"61,604"
2009,Arizona,8.74,8.74,"45,739"
2009,Arkansas,7.54,7.9,"36,538"
2009,California,9.65,9.65,"56,134"
2009,Colorado,8.78,8.78,"55,930"
2009,Connecticut,9.65,9.65,"64,851"
2009,Delaware,8.62,8.62,"52,114"
2009,District of Columbia,9.1,9.1,"53,141"
2009,Florida,8.69,8.69,"45,631"
2009,Georgia,6.21,7.9,"43,340"
2009,Hawaii,8.74,8.74,"55,649"
2009,Idaho,7.9,7.9,"46,778"
2009,Illinois,9.65,9.65,"52,870"
2009,Indiana,7.9,7.9,"44,305"
2009,Iowa,8.74,8.74,"50,721"
2009,Kansas,3.2,7.9,"44,717"
2009,Kentucky,7.9,7.9,"42,664"
2009,Louisiana,0,7.9,"45,433"
2009,Maine,8.74,8.74,"47,502"
2009,Maryland,7.9,7.9,"64,186"
2009,Massachusetts,9.65,9.65,"59,373"
2009,Michigan,8.92,8.92,"45,994"
2009,Minnesota,6.33,7.9,"56,090"
2009,Mississippi,0,7.9,"35,078"
2009,Missouri,8.5,8.5,"48,769"
2009,Montana,4.82,7.9,"40,437"
2009,Nebraska,7.9,7.9,"49,595"
2009,Nevada,7.9,7.9,"51,434"
2009,New Hampshire,8.74,8.74,"64,131"
2009,New Jersey,8.62,8.62,"64,777"
2009,New Mexico,9.04,9.04,"43,542"
2009,New York,8.62,8.62,"50,216"
2009,North Carolina,7.9,7.9,"41,906"
2009,North Dakota,7.9,7.9,"50,075"
2009,Ohio,8.8,8.8,"45,879"
2009,Oklahoma,2.41,7.9,"45,878"
2009,Oregon,10.13,10.13,"49,098"
2009,Pennsylvania,8.62,8.62,"48,172"
2009,Rhode Island,8.92,8.92,"51,634"
2009,South Carolina,0,7.9,"41,101"
2009,South Dakota,7.9,7.9,"45,826"
2009,Tennessee,0,7.9,"40,517"
2009,Texas,7.9,7.9,"47,475"
2009,Utah,7.9,7.9,"58,491"
2009,Vermont,9.72,9.72,"52,318"
2009,Virginia,7.9,7.9,"60,501"
2009,Washington,10.31,10.31,"60,392"
2009,West Virginia,8.74,8.74,"40,490"
2009,Wisconsin,7.84,7.9,"51,237"
2009,Wyoming,6.21,7.9,"52,470"
2010,Alabama,0,8.6,"40,933"
2010,Alaska,9.19,9.19,"57,848"
2010,Arizona,8.6,8.6,"46,896"
2010,Arkansas,7.41,8.6,"38,587"
2010,California,9.49,9.49,"54,283"
2010,Colorado,8.59,8.6,"60,233"
2010,Connecticut,9.79,9.79,"65,998"
2010,Delaware,8.6,8.6,"55,214"
2010,District of Columbia,9.79,9.79,"56,928"
2010,Florida,8.6,8.6,"44,066"
2010,Georgia,6.11,8.6,"44,117"
2010,Hawaii,8.6,8.6,"59,539"
2010,Idaho,8.6,8.6,"47,050"
2010,Illinois,9.79,9.79,"50,728"
2010,Indiana,8.6,8.6,"46,139"
2010,Iowa,8.6,8.6,"49,016"
2010,Kansas,8.6,8.6,"46,054"
2010,Kentucky,8.6,8.6,"41,104"
2010,Louisiana,0,8.6,"39,300"
2010,Maine,8.9,8.9,"47,931"
2010,Maryland,8.6,8.6,"64,201"
2010,Massachusetts,9.49,9.49,"60,934"
2010,Michigan,8.78,8.78,"46,276"
2010,Minnesota,6.23,8.6,"52,321"
2010,Mississippi,0,8.6,"38,160"
2010,Missouri,8.6,8.6,"45,817"
2010,Montana,4.74,8.6,"41,280"
2010,Nebraska,8.6,8.6,"52,504"
2010,Nevada,7.77,8.6,"51,200"
2010,New Hampshire,8.6,8.6,"66,633"
2010,New Jersey,8.6,8.6,"62,968"
2010,New Mexico,8.9,8.9,"45,134"
2010,New York,8.6,8.6,"49,781"
2010,North Carolina,8.6,8.6,"43,830"
2010,North Dakota,8.6,8.6,"51,006"
2010,Ohio,8.66,8.66,"45,886"
2010,Oklahoma,2.37,8.6,"43,103"
2010,Oregon,9.96,9.96,"50,602"
2010,Pennsylvania,8.6,8.6,"48,314"
2010,Rhode Island,8.78,8.78,"51,623"
2010,South Carolina,0,8.6,"41,698"
2010,South Dakota,8.6,8.6,"45,352"
2010,Tennessee,0,8.6,"38,591"
2010,Texas,8.6,8.6,"47,266"
2010,Utah,8.6,8.6,"56,701"
2010,Vermont,9.56,9.56,"55,928"
2010,Virginia,8.6,8.6,"60,367"
2010,Washington,10.14,10.14,"56,163"
2010,West Virginia,8.6,8.6,"42,777"
2010,Wisconsin,8.6,8.6,"50,351"
2010,Wyoming,6.11,8.6,"52,201"
2011,Alabama,0,8.34,"42,590"
2011,Alaska,8.91,8.91,"57,431"
2011,Arizona,8.45,8.45,"48,621"
2011,Arkansas,7.19,8.34,"41,302"
2011,California,9.2,9.2,"53,367"
2011,Colorado,8.46,8.46,"58,629"
2011,Connecticut,9.49,9.49,"65,415"
2011,Delaware,8.34,8.34,"54,660"
2011,District of Columbia,9.49,9.49,"55,251"
2011,Florida,8.34,8.34,"45,105"
2011,Georgia,5.92,8.34,"45,973"
2011,Hawaii,8.34,8.34,"59,047"
2011,Idaho,8.34,8.34,"47,459"
2011,Illinois,9.49,9.49,"50,637"
2011,Indiana,8.34,8.34,"44,445"
2011,Iowa,8.34,8.34,"50,219"
2011,Kansas,8.34,8.34,"46,147"
2011,Kentucky,8.34,8.34,"39,856"
2011,Louisiana,0,8.34,"40,658"
2011,Maine,8.62,8.62,"49,693"
2011,Maryland,8.34,8.34,"68,876"
2011,Massachusetts,9.2,9.2,"63,313"
2011,Michigan,8.51,8.51,"48,879"
2011,Minnesota,6.04,8.34,"57,820"
2011,Mississippi,0,8.34,"41,090"
2011,Missouri,8.34,8.34,"45,774"
2011,Montana,4.6,8.34,"40,277"
2011,Nebraska,8.34,8.34,"55,616"
2011,Nevada,8.34,8.34,"47,043"
2011,New Hampshire,8.34,8.34,"65,880"
2011,New Jersey,8.34,8.34,"62,338"
2011,New Mexico,8.62,8.62,"41,982"
2011,New York,8.34,8.34,"50,636"
2011,North Carolina,8.34,8.34,"45,206"
2011,North Dakota,8.34,8.34,"56,361"
2011,Ohio,8.51,8.51,"44,648"
2011,Oklahoma,2.3,8.34,"48,455"
2011,Oregon,9.77,9.77,"51,526"
2011,Pennsylvania,8.34,8.34,"49,910"
2011,Rhode Island,8.51,8.51,"49,033"
2011,South Carolina,0,8.34,"40,084"
2011,South Dakota,8.34,8.34,"47,223"
2011,Tennessee,0,8.34,"42,279"
2011,Texas,8.34,8.34,"49,047"
2011,Utah,8.34,8.34,"55,493"
2011,Vermont,9.37,9.37,"51,862"
2011,Virginia,8.34,8.34,"62,616"
2011,Washington,9.97,9.97,"56,850"
2011,West Virginia,8.34,8.34,"41,821"
2011,Wisconsin,8.34,8.34,"52,058"
2011,Wyoming,5.92,8.34,"54,509"
2012,Alabama,0,8.17,"43,464"
2012,Alaska,8.73,8.73,"63,648"
2012,Arizona,8.62,8.62,"47,044"
2012,Arkansas,7.04,8.17,"39,018"
2012,California,9.01,9.01,"57,020"
2012,Colorado,8.61,8.61,"57,255"
2012,Connecticut,9.29,9.29,"64,247"
2012,Delaware,8.17,8.17,"48,972"
2012,District of Columbia,9.29,9.29,"65,246"
2012,Florida,8.64,8.64,"46,071"
2012,Georgia,5.8,8.17,"48,121"
2012,Hawaii,8.17,8.17,"56,263"
2012,Idaho,8.17,8.17,"47,922"
2012,Illinois,9.29,9.29,"51,738"
2012,Indiana,8.17,8.17,"46,158"
2012,Iowa,8.17,8.17,"53,442"
2012,Kansas,8.17,8.17,"50,003"
2012,Kentucky,8.17,8.17,"41,086"
2012,Louisiana,0,8.17,"39,085"
2012,Maine,8.45,8.45,"49,158"
2012,Maryland,8.17,8.17,"71,836"
2012,Massachusetts,9.01,9.01,"63,656"
2012,Michigan,8.34,8.34,"50,015"
2012,Minnesota,5.91,8.17,"61,795"
2012,Mississippi,0,8.17,"36,641"
2012,Missouri,8.17,8.17,"49,764"
2012,Montana,4.51,8.17,"45,088"
2012,Nebraska,8.17,8.17,"52,196"
2012,Nevada,8.17,8.17,"47,333"
2012,New Hampshire,8.17,8.17,"67,819"
2012,New Jersey,8.17,8.17,"66,692"
2012,New Mexico,8.45,8.45,"43,424"
2012,New York,8.17,8.17,"47,680"
2012,North Carolina,8.17,8.17,"41,553"
2012,North Dakota,8.17,8.17,"55,766"
2012,Ohio,8.67,8.67,"44,375"
2012,Oklahoma,2.25,8.17,"48,407"
2012,Oregon,9.91,9.91,"51,775"
2012,Pennsylvania,8.17,8.17,"51,904"
2012,Rhode Island,8.34,8.34,"56,065"
2012,South Carolina,0,8.17,"44,401"
2012,South Dakota,8.17,8.17,"49,415"
2012,Tennessee,0,8.17,"42,995"
2012,Texas,8.17,8.17,"51,926"
2012,Utah,8.17,8.17,"58,341"
2012,Vermont,9.53,9.53,"55,582"
2012,Virginia,8.17,8.17,"64,632"
2012,Washington,10.18,10.18,"62,187"
2012,West Virginia,8.17,8.17,"43,553"
2012,Wisconsin,8.17,8.17,"53,079"
2012,Wyoming,5.8,8.17,"57,512"
2013,Alabama,0,8.05,"41,381"
2013,Alaska,8.61,8.61,"61,137"
2013,Arizona,8.66,8.66,"50,602"
2013,Arkansas,6.94,8.05,"39,919"
2013,California,8.88,8.88,"57,528"
2013,Colorado,8.64,8.64,"63,371"
2013,Connecticut,9.16,9.16,"67,781"
2013,Delaware,8.05,8.05,"52,219"
2013,District of Columbia,9.16,9.16,"60,675"
2013,Florida,8.65,8.65,"47,886"
2013,Georgia,5.72,8.05,"47,439"
2013,Hawaii,8.05,8.05,"61,408"
2013,Idaho,8.05,8.05,"51,767"
2013,Illinois,9.16,9.16,"57,196"
2013,Indiana,8.05,8.05,"50,553"
2013,Iowa,8.05,8.05,"54,855"
2013,Kansas,8.05,8.05,"51,485"
2013,Kentucky,8.05,8.05,"42,158"
2013,Louisiana,0,8.05,"39,622"
2013,Maine,8.33,8.33,"50,121"
2013,Maryland,8.05,8.05,"65,262"
2013,Massachusetts,8.88,8.88,"62,963"
2013,Michigan,8.22,8.22,"48,801"
2013,Minnesota,5.83,8.05,"60,907"
2013,Mississippi,0,8.05,"40,850"
2013,Missouri,8.16,8.16,"50,311"
2013,Montana,4.44,8.05,"44,132"
2013,Nebraska,8.05,8.05,"53,774"
2013,Nevada,8.05,8.05,"45,369"
2013,New Hampshire,8.05,8.05,"71,322"
2013,New Jersey,8.05,8.05,"61,782"
2013,New Mexico,8.33,8.33,"42,127"
2013,New York,8.05,8.05,"53,843"
2013,North Carolina,8.05,8.05,"41,208"
2013,North Dakota,8.05,8.05,"52,888"
2013,Ohio,8.72,8.72,"46,398"
2013,Oklahoma,2.22,8.05,"43,777"
2013,Oregon,9.94,9.94,"56,307"
2013,Pennsylvania,8.05,8.05,"53,952"
2013,Rhode Island,8.61,8.61,"57,812"
2013,South Carolina,0,8.05,"43,749"
2013,South Dakota,8.05,8.05,"54,453"
2013,Tennessee,0,8.05,"42,499"
2013,Texas,8.05,8.05,"53,027"
2013,Utah,8.05,8.05,"62,967"
2013,Vermont,9.55,9.55,"54,842"
2013,Virginia,8.05,8.05,"67,620"
2013,Washington,10.2,10.2,"60,106"
2013,West Virginia,8.05,8.05,"40,241"
2013,Wisconsin,8.05,8.05,"55,258"
2013,Wyoming,5.72,8.05,"55,700"
2014,Alabama,0,7.92,"42,278"
2014,Alaska,8.47,8.47,"67,629"
2014,Arizona,8.63,8.63,"49,254"
2014,Arkansas,6.83,7.92,"44,922"
2014,California,9.83,9.83,"60,487"
2014,Colorado,8.74,8.74,"60,940"
2014,Connecticut,9.51,9.51,"70,161"
2014,Delaware,8.47,8.47,"57,522"
2014,District of Columbia,10.38,10.38,"68,277"
2014,Florida,8.66,8.66,"46,140"
2014,Georgia,5.63,7.92,"49,555"
2014,Hawaii,7.92,7.92,"71,223"
2014,Idaho,7.92,7.92,"53,438"
2014,Illinois,9.01,9.01,"54,916"
2014,Indiana,7.92,7.92,"48,060"
2014,Iowa,7.92,7.92,"57,810"
2014,Kansas,7.92,7.92,"53,444"
2014,Kentucky,7.92,7.92,"42,786"
2014,Louisiana,0,7.92,"42,406"
2014,Maine,8.19,8.19,"51,710"
2014,Maryland,7.92,7.92,"76,165"
2014,Massachusetts,8.74,8.74,"63,151"
2014,Michigan,8.9,8.9,"52,005"
2014,Minnesota,7.1,7.92,"67,244"
2014,Mississippi,0,7.92,"35,521"
2014,Missouri,8.19,8.19,"56,630"
2014,Montana,8.63,8.63,"51,102"
2014,Nebraska,7.92,7.92,"56,870"
2014,Nevada,7.92,7.92,"49,875"
2014,New Hampshire,7.92,7.92,"73,397"
2014,New Jersey,9.01,9.01,"65,243"
2014,New Mexico,8.19,8.19,"46,686"
2014,New York,8.74,8.74,"54,310"
2014,North Carolina,7.92,7.92,"46,784"
2014,North Dakota,7.92,7.92,"60,730"
2014,Ohio,7.92,7.92,"49,644"
2014,Oklahoma,2.19,7.92,"47,199"
2014,Oregon,9.94,9.94,"58,875"
2014,Pennsylvania,7.92,7.92,"55,173"
2014,Rhode Island,8.74,8.74,"58,633"
2014,South Carolina,0,7.92,"44,929"
2014,South Dakota,7.92,7.92,"53,053"
2014,Tennessee,0,7.92,"43,716"
2014,Texas,7.92,7.92,"53,875"
2014,Utah,7.92,7.92,"63,383"
2014,Vermont,9.54,9.54,"60,708"
2014,Virginia,7.92,7.92,"66,155"
2014,Washington,10.18,10.18,"59,068"
2014,West Virginia,7.92,7.92,"39,552"
2014,Wisconsin,7.92,7.92,"58,080"
2014,Wyoming,5.63,7.92,"55,690"
2015,Alabama,0,7.91,"44,509"
2015,Alaska,9.55,9.55,"75,112"
2015,Arizona,8.79,8.79,"52,248"
2015,Arkansas,8.18,8.18,"42,798"
2015,California,9.82,9.82,"63,636"
2015,Colorado,8.98,8.98,"66,596"
2015,Connecticut,9.99,9.99,"72,889"
2015,Delaware,9,9,"57,756"
2015,District of Columbia,11.46,11.46,"70,071"
2015,Florida,8.79,8.79,"48,825"
2015,Georgia,5.62,7.91,"50,768"
2015,Hawaii,8.46,8.46,"64,514"
2015,Idaho,7.91,7.91,"51,624"
2015,Illinois,9,9,"60,413"
2015,Indiana,7.91,7.91,"51,983"
2015,Iowa,7.91,7.91,"60,855"
2015,Kansas,7.91,7.91,"54,865"
2015,Kentucky,7.91,7.91,"42,387"
2015,Louisiana,0,7.91,"45,922"
2015,Maine,8.18,8.18,"50,756"
2015,Maryland,9,9,"73,594"
2015,Massachusetts,9.82,9.82,"67,861"
2015,Michigan,8.89,8.89,"54,203"
2015,Minnesota,7.91,7.91,"68,730"
2015,Mississippi,0,7.91,"40,037"
2015,Missouri,8.35,8.35,"59,196"
2015,Montana,8.79,8.79,"51,395"
2015,Nebraska,8.73,8.73,"60,474"
2015,Nevada,7.91,7.91,"52,008"
2015,New Hampshire,7.91,7.91,"75,675"
2015,New Jersey,9.15,9.15,"68,357"
2015,New Mexico,8.18,8.18,"45,119"
2015,New York,9.55,9.55,"58,005"
2015,North Carolina,7.91,7.91,"50,797"
2015,North Dakota,7.91,7.91,"57,415"
2015,Ohio,7.91,7.91,"53,301"
2015,Oklahoma,2.18,7.91,"47,077"
2015,Oregon,10.09,10.09,"60,834"
2015,Pennsylvania,7.91,7.91,"60,389"
2015,Rhode Island,9.82,9.82,"55,701"
2015,South Carolina,0,7.91,"46,360"
2015,South Dakota,9.28,9.28,"55,065"
2015,Tennessee,0,7.91,"47,330"
2015,Texas,7.91,7.91,"56,473"
2015,Utah,7.91,7.91,"66,258"
2015,Vermont,9.99,9.99,"59,494"
2015,Virginia,7.91,7.91,"61,486"
2015,Washington,10.33,10.33,"67,243"
2015,West Virginia,8.73,8.73,"42,824"
2015,Wisconsin,7.91,7.91,"55,425"
2015,Wyoming,5.62,7.91,"60,925"
2016,Alabama,0,7.81,"47,221"
2016,Alaska,10.51,10.51,"75,723"
2016,Arizona,8.68,8.68,"57,100"
2016,Arkansas,8.62,8.62,"45,907"
2016,California,10.78,10.78,"66,637"
2016,Colorado,8.96,8.96,"70,566"
2016,Connecticut,10.35,10.35,"75,923"
2016,Delaware,8.89,8.89,"58,046"
2016,District of Columbia,12.39,12.39,"70,982"
2016,Florida,8.68,8.68,"51,176"
2016,Georgia,5.55,7.81,"53,527"
2016,Hawaii,9.16,9.16,"72,133"
2016,Idaho,7.81,7.81,"56,564"
2016,Illinois,8.89,8.89,"61,386"
2016,Indiana,7.81,7.81,"56,094"
2016,Iowa,7.81,7.81,"59,094"
2016,Kansas,7.81,7.81,"56,810"
2016,Kentucky,7.81,7.81,"45,369"
2016,Louisiana,0,7.81,"42,196"
2016,Maine,8.08,8.08,"50,856"
2016,Maryland,9.43,9.43,"73,760"
2016,Massachusetts,10.78,10.78,"72,266"
2016,Michigan,9.16,9.16,"57,091"
2016,Minnesota,7.81,7.81,"70,218"
2016,Mississippi,0,7.81,"41,099"
2016,Missouri,8.24,8.24,"55,016"
2016,Montana,8.68,8.68,"57,075"
2016,Nebraska,9.7,9.7,"59,374"
2016,Nevada,7.81,7.81,"55,431"
2016,New Hampshire,7.81,7.81,"76,260"
2016,New Jersey,9.03,9.03,"68,468"
2016,New Mexico,8.08,8.08,"48,451"
2016,New York,9.7,9.7,"61,437"
2016,North Carolina,7.81,7.81,"53,764"
2016,North Dakota,7.81,7.81,"60,184"
2016,Ohio,7.81,7.81,"53,985"
2016,Oklahoma,2.16,7.81,"50,943"
2016,Oregon,10.51,10.51,"59,135"
2016,Pennsylvania,7.81,7.81,"60,979"
2016,Rhode Island,10.35,10.35,"61,528"
2016,South Carolina,0,7.81,"54,336"
2016,South Dakota,9.21,9.21,"57,450"
2016,Tennessee,0,7.81,"51,344"
2016,Texas,7.81,7.81,"58,146"
2016,Utah,7.81,7.81,"67,481"
2016,Vermont,10.35,10.35,"60,837"
2016,Virginia,7.81,7.81,"66,451"
2016,Washington,10.21,10.21,"70,310"
2016,West Virginia,9.43,9.43,"44,354"
2016,Wisconsin,7.81,7.81,"59,817"
2016,Wyoming,5.55,7.81,"57,829"
2017,Alabama,0,7.65,"50,865"
2017,Alaska,10.34,10.34,"77,987"
2017,Arizona,10.55,10.55,"59,700"
2017,Arkansas,8.97,8.97,"49,751"
2017,California,10.55,10.55,"70,038"
2017,Colorado,9.81,9.81,"74,984"
2017,Connecticut,10.66,10.66,"74,304"
2017,Delaware,8.71,8.71,"64,961"
2017,District of Columbia,12.14,12.14,"81,282"
2017,Florida,8.55,8.55,"53,086"
2017,Georgia,5.43,7.65,"57,985"
2017,Hawaii,9.76,9.76,"73,599"
2017,Idaho,7.65,7.65,"59,497"
2017,Illinois,8.71,8.71,"65,969"
2017,Indiana,7.65,7.65,"58,767"
2017,Iowa,7.65,7.65,"63,467"
2017,Kansas,7.65,7.65,"56,900"
2017,Kentucky,7.65,7.65,"49,672"
2017,Louisiana,0,7.65,"43,565"
2017,Maine,9.5,9.5,"53,316"
2017,Maryland,9.23,9.23,"82,093"
2017,Massachusetts,11.61,11.61,"76,243"
2017,Michigan,9.39,9.39,"56,405"
2017,Minnesota,8.18,8.18,"69,975"
2017,Mississippi,0,7.65,"43,281"
2017,Missouri,8.13,8.13,"56,530"
2017,Montana,8.6,8.6,"57,407"
2017,Nebraska,9.5,9.5,"59,583"
2017,Nevada,7.65,7.65,"58,041"
2017,New Hampshire,7.65,7.65,"75,630"
2017,New Jersey,8.91,8.91,"71,240"
2017,New Mexico,7.91,7.91,"45,601"
2017,New York,10.24,10.24,"61,543"
2017,North Carolina,7.65,7.65,"49,547"
2017,North Dakota,7.65,7.65,"60,167"
2017,Ohio,8.6,8.6,"60,688"
2017,Oklahoma,2.11,7.65,"51,882"
2017,Oregon,10.29,10.29,"62,498"
2017,Pennsylvania,7.65,7.65,"61,285"
2017,Rhode Island,10.13,10.13,"65,401"
2017,South Carolina,0,7.65,"54,537"
2017,South Dakota,9.13,9.13,"56,914"
2017,Tennessee,0,7.65,"55,306"
2017,Texas,7.65,7.65,"60,092"
2017,Utah,7.65,7.65,"69,789"
2017,Vermont,10.55,10.55,"63,682"
2017,Virginia,7.65,7.65,"70,811"
2017,Washington,11.61,11.61,"71,540"
2017,West Virginia,9.23,9.23,"46,957"
2017,Wisconsin,7.65,7.65,"63,482"
2017,Wyoming,5.43,7.65,"59,536"
2018,Alabama,0,7.47,"49,936"
2018,Alaska,10.14,10.14,"68,734"
2018,Arizona,10.82,10.82,"62,283"
2018,Arkansas,8.76,8.76,"49,781"
2018,California,11.33,11.33,"70,489"
2018,Colorado,10.51,10.51,"73,034"
2018,Connecticut,10.4,10.4,"72,812"
2018,Delaware,8.5,8.5,"65,012"
2018,District of Columbia,13.65,13.65,"85,750"
2018,Florida,8.5,8.5,"54,644"
2018,Georgia,5.3,7.47,"55,821"
2018,Hawaii,10.4,10.4,"80,108"
2018,Idaho,7.47,7.47,"58,728"
2018,Illinois,8.5,8.5,"70,145"
2018,Indiana,7.47,7.47,"59,892"
2018,Iowa,7.47,7.47,"68,718"
2018,Kansas,7.47,7.47,"63,938"
2018,Kentucky,7.47,7.47,"54,555"
2018,Louisiana,0,7.47,"49,973"
2018,Maine,10.3,10.3,"58,663"
2018,Maryland,10.4,10.4,"86,223"
2018,Massachusetts,11.33,11.33,"86,345"
2018,Michigan,9.53,9.53,"60,449"
2018,Minnesota,8.28,8.28,"71,817"
2018,Mississippi,0,7.47,"42,781"
2018,Missouri,8.09,8.09,"61,726"
2018,Montana,8.55,8.55,"57,679"
2018,Nebraska,9.27,9.27,"67,575"
2018,Nevada,7.47,7.47,"61,864"
2018,New Hampshire,7.47,7.47,"81,346"
2018,New Jersey,8.86,8.86,"74,176"
2018,New Mexico,7.73,7.73,"48,283"
2018,New York,10.71,10.71,"67,274"
2018,North Carolina,7.47,7.47,"53,369"
2018,North Dakota,7.47,7.47,"66,505"
2018,Ohio,8.55,8.55,"61,633"
2018,Oklahoma,2.06,7.47,"54,434"
2018,Oregon,11.07,11.07,"69,165"
2018,Pennsylvania,7.47,7.47,"64,524"
2018,Rhode Island,10.4,10.4,"62,266"
2018,South Carolina,0,7.47,"57,444"
2018,South Dakota,9.12,9.12,"59,463"
2018,Tennessee,0,7.47,"56,060"
2018,Texas,7.47,7.47,"59,785"
2018,Utah,7.47,7.47,"77,067"
2018,Vermont,10.82,10.82,"70,066"
2018,Virginia,7.47,7.47,"77,151"
2018,Washington,11.85,11.85,"79,726"
2018,West Virginia,9.01,9.01,"50,573"
2018,Wisconsin,7.47,7.47,"62,629"
2018,Wyoming,5.3,7.47,"62,539"
2019,Alabama,0,7.34,"56,200"
2019,Alaska,10.31,10.31,"78,394"
2019,Arizona,12.14,12.14,"70,674"
2019,Arkansas,9.36,9.36,"54,539"
2019,California,12.14,12.14,"78,105"
2019,Colorado,12.14,12.14,"72,499"
2019,Connecticut,11.13,11.13,"87,291"
2019,Delaware,9.36,9.36,"74,194"
2019,District of Columbia,14.16,14.16,"93,111"
2019,Florida,8.66,8.66,"58,368"
2019,Georgia,5.21,7.34,"56,628"
2019,Hawaii,10.22,10.22,"88,006"
2019,Idaho,7.34,7.34,"65,988"
2019,Illinois,9.36,9.36,"74,399"
2019,Indiana,7.34,7.34,"66,693"
2019,Iowa,7.34,7.34,"66,054"
2019,Kansas,7.34,7.34,"73,151"
2019,Kentucky,7.34,7.34,"55,662"
2019,Louisiana,0,7.34,"51,707"
2019,Maine,12.14,12.14,"66,546"
2019,Maryland,11.13,11.13,"95,572"
2019,Massachusetts,12.9,12.9,"87,707"
2019,Michigan,9.76,9.76,"64,119"
2019,Minnesota,8.25,8.25,"81,426"
2019,Mississippi,0,7.34,"44,787"
2019,Missouri,9.56,9.56,"60,597"
2019,Montana,8.75,8.75,"60,195"
2019,Nebraska,9.11,9.11,"73,071"
2019,Nevada,7.34,7.34,"70,906"
2019,New Hampshire,7.34,7.34,"86,900"
2019,New Jersey,11.13,11.13,"87,726"
2019,New Mexico,9.11,9.11,"53,113"
2019,New York,11.94,11.94,"71,855"
2019,North Carolina,7.34,7.34,"61,159"
2019,North Dakota,7.34,7.34,"70,031"
2019,Ohio,8.8,8.8,"64,663"
2019,Oklahoma,2.02,7.34,"59,397"
2019,Oregon,11.38,11.38,"74,413"
2019,Pennsylvania,7.34,7.34,"70,582"
2019,Rhode Island,10.62,10.62,"70,151"
2019,South Carolina,0,7.34,"62,028"
2019,South Dakota,9.41,9.41,"64,255"
2019,Tennessee,0,7.34,"56,627"
2019,Texas,7.34,7.34,"67,444"
2019,Utah,7.34,7.34,"84,523"
2019,Vermont,11.09,11.09,"74,305"
2019,Virginia,7.34,7.34,"81,313"
2019,Washington,13.66,13.66,"82,454"
2019,West Virginia,8.85,8.85,"53,706"
2019,Wisconsin,7.34,7.34,"67,355"
2019,Wyoming,5.21,7.34,"65,134"
2020,Alabama,0,7.25,"54,393"
2020,Alaska,10.19,10.19,"74,476"
2020,Arizona,12,12,"66,628"
2020,Arkansas,10,10,"50,540"
2020,California,13,13,"77,358"
2020,Colorado,12,12,"82,611"
2020,Connecticut,11,11,"79,043"
2020,Delaware,9.25,9.25,"69,132"
2020,District of Columbia,14,14,"88,311"
2020,Florida,8.56,8.56,"57,435"
2020,Georgia,5.15,7.25,"58,952"
2020,Hawaii,10.1,10.1,"80,729"
2020,Idaho,7.25,7.25,"66,499"
2020,Illinois,9.25,9.25,"73,753"
2020,Indiana,7.25,7.25,"66,360"
2020,Iowa,7.25,7.25,"68,469"
2020,Kansas,7.25,7.25,"72,815"
2020,Kentucky,7.25,7.25,"56,525"
2020,Louisiana,0,7.25,"50,935"
2020,Maine,12,12,"63,440"
2020,Maryland,11,11,"94,384"
2020,Massachusetts,12.75,12.75,"86,725"
2020,Michigan,9.65,9.65,"63,829"
2020,Minnesota,8.15,8.15,"78,461"
2020,Mississippi,0,7.25,"44,966"
2020,Missouri,9.45,9.45,"61,901"
2020,Montana,8.65,8.65,"56,442"
2020,Nebraska,9,9,"72,024"
2020,Nevada,7.25,7.25,"60,956"
2020,New Hampshire,7.25,7.25,"88,235"
2020,New Jersey,11,11,"85,239"
2020,New Mexico,9,9,"50,822"
2020,New York,11.8,11.8,"68,304"
2020,North Carolina,7.25,7.25,"60,266"
2020,North Dakota,7.25,7.25,"63,657"
2020,Ohio,8.7,8.7,"60,110"
2020,Oklahoma,2,7.25,"52,341"
2020,Oregon,11.25,11.25,"76,554"
2020,Pennsylvania,7.25,7.25,"70,117"
2020,Rhode Island,10.5,10.5,"80,012"
2020,South Carolina,0,7.25,"60,097"
2020,South Dakota,9.3,9.3,"69,787"
2020,Tennessee,0,7.25,"54,665"
2020,Texas,7.25,7.25,"68,093"
2020,Utah,7.25,7.25,"83,670"
2020,Vermont,10.96,10.96,"66,902"
2020,Virginia,7.25,7.25,"81,947"
2020,Washington,13.5,13.5,"81,083"
2020,West Virginia,8.75,8.75,"51,615"
2020,Wisconsin,7.25,7.25,"67,094"
2020,Wyoming,5.15,7.25,"65,108"