Year,State,State Minimum Wage,Effective Minimum Wage
1990,Alabama,0,6.63
1990,Alaska,7.62,7.62
1990,Arizona,0,6.63
1990,Arkansas,6.43,6.63
1990,California,6.63,6.63
1990,Colorado,5.94,6.63
1990,Connecticut,7.42,7.42
1990,Delaware,6.63,6.63
1990,District of Columbia,6.93,6.93
1990,Florida,0,6.63
1990,Georgia,6.43,6.63
1990,Guam,6.63,6.63
1990,Hawaii,7.62,7.62
1990,Idaho,4.55,6.63
1990,Illinois,6.63,6.63
1990,Indiana,3.96,6.63
1990,Iowa,0,6.63
1990,Kansas,3.17,6.63
1990,Kentucky,6.63,6.63
1990,Louisiana,0,6.63
1990,Maine,7.22,7.22
1990,Maryland,6.63,6.63
1990,Massachusetts,7.22,7.22
1990,Michigan,6.63,6.63
1990,Minnesota,7.03,7.03
1990,Mississippi,0,6.63
1990,Missouri,0,6.63
1990,Montana,6.63,6.63
1990,Nebraska,6.63,6.63
1990,Nevada,6.63,6.63
1990,New Hampshire,7.03,7.03
1990,New Jersey,6.63,6.63
1990,New Mexico,6.63,6.63
1990,New York,6.63,6.63
1990,North Carolina,6.63,6.63
1990,North Dakota,5.54,6.63
1990,Ohio,4.55,6.63
1990,Oklahoma,6.63,6.63
1990,Oregon,6.63,6.63
1990,Pennsylvania,6.63,6.63
1990,Puerto Rico,2.37,6.63
1990,Rhode Island,7.22,7.22
1990,South Carolina,0,6.63
1990,South Dakota,5.54,6.63
1990,Tennessee,0,6.63
1990,Texas,6.63,6.63
1990,U.S. Virgin Islands,6.63,6.63
1990,Utah,4.95,6.63
1990,Vermont,7.03,7.03
1990,Virginia,5.24,6.63
1990,Washington,4.55,6.63
1990,West Virginia,6.63,6.63
1990,Wisconsin,6.63,6.63
1990,Wyoming,3.17,6.63
1991,Alabama,0,7.22
1991,Alaska,8.17,8.17
1991,Arizona,0,7.22
1991,Arkansas,6.36,7.22
1991,California,8.07,8.07
1991,Colorado,5.7,7.22
1991,Connecticut,8.07,8.07
1991,Delaware,7.22,7.22
1991,District of Columbia,7.03,7.22
1991,Florida,0,7.22
1991,Georgia,6.17,7.22
1991,Guam,7.22,7.22
1991,Hawaii,7.31,7.31
1991,Idaho,7.22,7.22
1991,Illinois,7.22,7.22
1991,Indiana,6.36,7.22
1991,Iowa,8.07,8.07
1991,Kansas,5.03,7.22
1991,Kentucky,7.22,7.22
1991,Louisiana,0,7.22
1991,Maine,7.31,7.31
1991,Maryland,7.22,7.22
1991,Massachusetts,7.12,7.22
1991,Michigan,6.36,7.22
1991,Minnesota,8.07,8.07
1991,Mississippi,0,7.22
1991,Missouri,7.22,7.22
1991,Montana,7.22,7.22
1991,Nebraska,6.36,7.22
1991,Nevada,7.22,7.22
1991,New Hampshire,7.31,7.31
1991,New Jersey,7.22,7.22
1991,New Mexico,6.36,7.22
1991,New York,7.22,7.22
1991,North Carolina,6.36,7.22
1991,North Dakota,6.46,7.22
1991,Ohio,7.22,7.22
1991,Oklahoma,7.22,7.22
1991,Oregon,9.02,9.02
1991,Pennsylvania,7.22,7.22
1991,Puerto Rico,2.28,7.22
1991,Rhode Island,8.07,8.07
1991,South Carolina,0,7.22
1991,South Dakota,7.22,7.22
1991,Tennessee,0,7.22
1991,Texas,6.36,7.22
1991,U.S. Virgin Islands,8.83,8.83
1991,Utah,7.22,7.22
1991,Vermont,7.31,7.31
1991,Virginia,5.03,7.22
1991,Washington,8.07,8.07
1991,West Virginia,6.36,7.22
1991,Wisconsin,7.22,7.22
1991,Wyoming,3.04,7.22
1992,Alabama,0,7.84
1992,Alaska,8.76,8.76
1992,Arizona,0,7.84
1992,Arkansas,6.73,7.84
1992,California,7.84,7.84
1992,Colorado,5.53,7.84
1992,Connecticut,7.87,7.87
1992,Delaware,7.84,7.84
1992,District of Columbia,7.19,7.84
1992,Florida,0,7.84
1992,Georgia,5.99,7.84
1992,Guam,7.84,7.84
1992,Hawaii,7.1,7.84
1992,Idaho,7.84,7.84
1992,Illinois,7.84,7.84
1992,Indiana,6.18,7.84
1992,Iowa,8.57,8.57
1992,Kansas,4.89,7.84
1992,Kentucky,7.84,7.84
1992,Louisiana,0,7.84
1992,Maine,7.84,7.84
1992,Maryland,7.84,7.84
1992,Massachusetts,7.84,7.84
1992,Michigan,6.18,7.84
1992,Minnesota,7.84,7.84
1992,Mississippi,0,7.84
1992,Missouri,7.84,7.84
1992,Montana,7.84,7.84
1992,Nebraska,7.84,7.84
1992,Nevada,7.84,7.84
1992,New Hampshire,7.84,7.84
1992,New Jersey,7.84,7.84
1992,New Mexico,6.18,7.84
1992,New York,7.84,7.84
1992,North Carolina,7.01,7.84
1992,North Dakota,7.84,7.84
1992,Ohio,7.84,7.84
1992,Oklahoma,7.84,7.84
1992,Oregon,8.76,8.76
1992,Pennsylvania,7.84,7.84
1992,Puerto Rico,2.21,7.84
1992,Rhode Island,8.2,8.2
1992,South Carolina,0,7.84
1992,South Dakota,7.84,7.84
1992,Tennessee,0,7.84
1992,Texas,6.18,7.84
1992,U.S. Virgin Islands,8.57,8.57
1992,Utah,7.84,7.84
1992,Vermont,7.84,7.84
1992,Virginia,6.73,7.84
1992,Washington,7.84,7.84
1992,West Virginia,7.01,7.84
1992,Wisconsin,7.01,7.84
1992,Wyoming,2.95,7.84
1993,Alabama,0,7.61
1993,Alaska,8.5,8.5
1993,Arizona,0,7.61
1993,Arkansas,6.53,7.61
1993,California,7.61,7.61
1993,Colorado,5.37,7.61
1993,Connecticut,7.64,7.64
1993,Delaware,7.61,7.61
1993,District of Columbia,6.98,7.61
1993,Florida,0,7.61
1993,Georgia,5.82,7.61
1993,Guam,7.61,7.61
1993,Hawaii,6.89,7.61
1993,Idaho,7.61,7.61
1993,Illinois,7.61,7.61
1993,Indiana,6,7.61
1993,Iowa,8.32,8.32
1993,Kansas,4.74,7.61
1993,Kentucky,7.61,7.61
1993,Louisiana,0,7.61
1993,Maine,7.61,7.61
1993,Maryland,7.61,7.61
1993,Massachusetts,7.61,7.61
1993,Michigan,6,7.61
1993,Minnesota,7.61,7.61
1993,Mississippi,0,7.61
1993,Missouri,7.61,7.61
1993,Montana,7.61,7.61
1993,Nebraska,7.61,7.61
1993,Nevada,7.61,7.61
1993,New Hampshire,7.61,7.61
1993,New Jersey,7.61,7.61
1993,New Mexico,6,7.61
1993,New York,7.61,7.61
1993,North Carolina,6.8,7.61
1993,North Dakota,7.61,7.61
1993,Ohio,7.61,7.61
1993,Oklahoma,7.61,7.61
1993,Oregon,8.5,8.5
1993,Pennsylvania,7.61,7.61
1993,Puerto Rico,2.15,7.61
1993,Rhode Island,7.97,7.97
1993,South Carolina,0,7.61
1993,South Dakota,7.61,7.61
1993,Tennessee,0,7.61
1993,Texas,6,7.61
1993,U.S. Virgin Islands,8.32,8.32
1993,Utah,7.61,7.61
1993,Vermont,7.61,7.61
1993,Virginia,6.53,7.61
1993,Washington,7.61,7.61
1993,West Virginia,6.8,7.61
1993,Wisconsin,6.8,7.61
1993,Wyoming,2.86,7.61
1994,Alabama,0,7.42
1994,Alaska,8.29,8.29
1994,Arizona,0,7.42
1994,Arkansas,7.42,7.42
1994,California,7.42,7.42
1994,Colorado,5.24,7.42
1994,Connecticut,7.45,7.45
1994,Delaware,7.42,7.42
1994,District of Columbia,7.42,7.42
1994,Florida,0,7.42
1994,Georgia,5.67,7.42
1994,Guam,7.42,7.42
1994,Hawaii,9.16,9.16
1994,Idaho,7.42,7.42
1994,Illinois,7.42,7.42
1994,Indiana,5.85,7.42
1994,Iowa,8.12,8.12
1994,Kansas,4.63,7.42
1994,Kentucky,7.42,7.42
1994,Louisiana,0,7.42
1994,Maine,7.42,7.42
1994,Maryland,7.42,7.42
1994,Massachusetts,7.42,7.42
1994,Michigan,5.85,7.42
1994,Minnesota,7.42,7.42
1994,Mississippi,0,7.42
1994,Missouri,7.42,7.42
1994,Montana,7.42,7.42
1994,Nebraska,7.42,7.42
1994,Nevada,7.42,7.42
1994,New Hampshire,7.42,7.42
1994,New Jersey,8.81,8.81
1994,New Mexico,7.42,7.42
1994,New York,7.42,7.42
1994,North Carolina,7.42,7.42
1994,North Dakota,7.42,7.42
1994,Ohio,7.42,7.42
1994,Oklahoma,7.42,7.42
1994,Oregon,8.29,8.29
1994,Pennsylvania,7.42,7.42
1994,Puerto Rico,2.09,7.42
1994,Rhode Island,7.77,7.77
1994,South Carolina,0,7.42
1994,South Dakota,7.42,7.42
1994,Tennessee,0,7.42
1994,Texas,5.85,7.42
1994,U.S. Virgin Islands,8.12,8.12
1994,Utah,7.42,7.42
1994,Vermont,7.42,7.42
1994,Virginia,7.42,7.42
1994,Washington,7.42,7.42
1994,West Virginia,7.42,7.42
1994,Wisconsin,7.42,7.42
1994,Wyoming,2.79,7.42
1995,Alabama,0,7.21
1995,Alaska,8.06,8.06
1995,Arizona,0,7.21
1995,Arkansas,7.21,7.21
1995,California,7.21,7.21
1995,Colorado,5.09,7.21
1995,Connecticut,7.25,7.25
1995,Delaware,7.21,7.21
1995,District of Columbia,7.21,7.21
1995,Florida,0,7.21
1995,Georgia,5.52,7.21
1995,Guam,7.21,7.21
1995,Hawaii,8.91,8.91
1995,Idaho,7.21,7.21
1995,Illinois,7.21,7.21
1995,Indiana,5.69,7.21
1995,Iowa,7.89,7.89
1995,Kansas,4.5,7.21
1995,Kentucky,7.21,7.21
1995,Louisiana,0,7.21
1995,Maine,7.21,7.21
1995,Maryland,7.21,7.21
1995,Massachusetts,7.21,7.21
1995,Michigan,5.69,7.21
1995,Minnesota,7.21,7.21
1995,Mississippi,0,7.21
1995,Missouri,7.21,7.21
1995,Montana,7.21,7.21
1995,Nebraska,7.21,7.21
1995,Nevada,7.21,7.21
1995,New Hampshire,7.21,7.21
1995,New Jersey,8.57,8.57
1995,New Mexico,7.21,7.21
1995,New York,7.21,7.21
1995,North Carolina,7.21,7.21
1995,North Dakota,7.21,7.21
1995,Ohio,7.21,7.21
1995,Oklahoma,7.21,7.21
1995,Oregon,8.06,8.06
1995,Pennsylvania,7.21,7.21
1995,Puerto Rico,2.04,7.21
1995,Rhode Island,7.55,7.55
1995,South Carolina,0,7.21
1995,South Dakota,7.21,7.21
1995,Tennessee,0,7.21
1995,Texas,5.69,7.21
1995,U.S. Virgin Islands,7.89,7.89
1995,Utah,7.21,7.21
1995,Vermont,7.21,7.21
1995,Virginia,7.21,7.21
1995,Washington,7.21,7.21
1995,West Virginia,7.21,7.21
1995,Wisconsin,7.21,7.21
1995,Wyoming,2.72,7.21
1996,Alabama,0,7.01
1996,Alaska,7.83,7.83
1996,Arizona,0,7.01
1996,Arkansas,7.01,7.01
1996,California,7.01,7.01
1996,Colorado,4.95,7.01
1996,Connecticut,7.04,7.04
1996,Delaware,7.67,7.67
1996,District of Columbia,8.65,8.65
1996,Florida,0,7.01
1996,Georgia,5.36,7.01
1996,Guam,7.01,7.01
1996,Hawaii,8.65,8.65
1996,Idaho,7.01,7.01
1996,Illinois,7.01,7.01
1996,Indiana,5.52,7.01
1996,Iowa,7.67,7.67
1996,Kansas,4.37,7.01
1996,Kentucky,7.01,7.01
1996,Louisiana,0,7.01
1996,Maine,7.01,7.01
1996,Maryland,7.01,7.01
1996,Massachusetts,7.83,7.83
1996,Michigan,5.52,7.01
1996,Minnesota,7.01,7.01
1996,Mississippi,0,7.01
1996,Missouri,7.01,7.01
1996,Montana,7.01,7.01
1996,Nebraska,7.01,7.01
1996,Nevada,7.01,7.01
1996,New Hampshire,7.01,7.01
1996,New Jersey,8.33,8.33
1996,New Mexico,7.01,7.01
1996,New York,7.01,7.01
1996,North Carolina,7.01,7.01
1996,North Dakota,7.01,7.01
1996,Ohio,7.01,7.01
1996,Oklahoma,7.01,7.01
1996,Oregon,7.83,7.83
1996,Pennsylvania,7.01,7.01
1996,Puerto Rico,1.98,7.01
1996,Rhode Island,7.34,7.34
1996,South Carolina,0,7.01
1996,South Dakota,7.01,7.01
1996,Tennessee,0,7.01
1996,Texas,5.52,7.01
1996,U.S. Virgin Islands,7.67,7.67
1996,Utah,7.01,7.01
1996,Vermont,7.83,7.83
1996,Virginia,7.01,7.01
1996,Washington,8.08,8.08
1996,West Virginia,7.01,7.01
1996,Wisconsin,7.01,7.01
1996,Wyoming,2.64,7.01
1997,Alabama,0,7.66
1997,Alaska,8.46,8.46
1997,Arizona,0,7.66
1997,Arkansas,6.85,7.66
1997,California,7.66,7.66
1997,Colorado,7.66,7.66
1997,Connecticut,7.69,7.69
1997,Delaware,8.06,8.06
1997,District of Columbia,9.27,9.27
1997,Florida,0,7.66
1997,Georgia,5.24,7.66
1997,Guam,7.66,7.66
1997,Hawaii,8.46,8.46
1997,Idaho,6.85,7.66
1997,Illinois,7.66,7.66
1997,Indiana,5.4,7.66
1997,Iowa,7.66,7.66
1997,Kansas,4.27,7.66
1997,Kentucky,6.85,7.66
1997,Louisiana,0,7.66
1997,Maine,7.66,7.66
1997,Maryland,7.66,7.66
1997,Massachusetts,8.46,8.46
1997,Michigan,5.4,7.66
1997,Minnesota,6.85,7.66
1997,Mississippi,0,7.66
1997,Missouri,7.66,7.66
1997,Montana,7.66,7.66
1997,Nebraska,6.85,7.66
1997,Nevada,7.66,7.66
1997,New Hampshire,7.66,7.66
1997,New Jersey,8.14,8.14
1997,New Mexico,6.85,7.66
1997,New York,6.85,7.66
1997,North Carolina,6.85,7.66
1997,North Dakota,7.66,7.66
1997,Ohio,6.85,7.66
1997,Oklahoma,7.66,7.66
1997,Oregon,8.86,8.86
1997,Pennsylvania,7.66,7.66
1997,Puerto Rico,1.93,7.66
1997,Rhode Island,8.3,8.3
1997,South Carolina,0,7.66
1997,South Dakota,6.85,7.66
1997,Tennessee,0,7.66
1997,Texas,5.4,7.66
1997,U.S. Virgin Islands,7.49,7.66
1997,Utah,7.66,7.66
1997,Vermont,8.06,8.06
1997,Virginia,7.66,7.66
1997,Washington,7.9,7.9
1997,West Virginia,6.85,7.66
1997,Wisconsin,7.66,7.66
1997,Wyoming,2.58,7.66
1998,Alabama,0,8.17
1998,Alaska,8.97,8.97
1998,Arizona,0,8.17
1998,Arkansas,8.17,8.17
1998,California,8.17,8.17
1998,Colorado,8.17,8.17
1998,Connecticut,8.22,8.22
1998,Delaware,8.17,8.17
1998,District of Columbia,9.76,9.76
1998,Florida,0,8.17
1998,Georgia,5.16,8.17
1998,Guam,8.17,8.17
1998,Hawaii,8.33,8.33
1998,Idaho,8.17,8.17
1998,Illinois,8.17,8.17
1998,Indiana,5.32,8.17
1998,Iowa,8.17,8.17
1998,Kansas,4.21,8.17
1998,Kentucky,6.74,8.17
1998,Louisiana,0,8.17
1998,Maine,8.17,8.17
1998,Maryland,8.17,8.17
1998,Massachusetts,8.33,8.33
1998,Michigan,8.17,8.17
1998,Minnesota,8.17,8.17
1998,Mississippi,0,8.17
1998,Missouri,8.17,8.17
1998,Montana,8.17,8.17
1998,Nebraska,8.17,8.17
1998,Nevada,8.17,8.17
1998,New Hampshire,8.17,8.17
1998,New Jersey,8.01,8.17
1998,New Mexico,6.74,8.17
1998,New York,6.74,8.17
1998,North Carolina,8.17,8.17
1998,North Dakota,8.17,8.17
1998,Ohio,6.74,8.17
1998,Oklahoma,8.17,8.17
1998,Oregon,9.52,9.52
1998,Pennsylvania,8.17,8.17
1998,Puerto Rico,1.9,8.17
1998,Rhode Island,8.17,8.17
1998,South Carolina,0,8.17
1998,South Dakota,8.17,8.17
1998,Tennessee,0,8.17
1998,Texas,5.32,8.17
1998,U.S. Virgin Islands,7.38,8.17
1998,Utah,8.17,8.17
1998,Vermont,8.33,8.33
1998,Virginia,8.17,8.17
1998,Washington,7.78,8.17
1998,West Virginia,7.54,8.17
1998,Wisconsin,8.17,8.17
1998,Wyoming,2.54,8.17
1999,Alabama,0,8
1999,Alaska,8.77,8.77
1999,Arizona,0,8
1999,Arkansas,8,8
1999,California,8,8
1999,Colorado,8,8
1999,Connecticut,8.04,8.04
1999,Delaware,8,8
1999,District of Columbia,9.55,9.55
1999,Florida,0,8
1999,Georgia,5.05,8
1999,Guam,8,8
1999,Hawaii,8.15,8.15
1999,Idaho,8,8
1999,Illinois,8,8
1999,Indiana,5.2,8
1999,Iowa,8,8
1999,Kansas,4.11,8
1999,Kentucky,6.6,8
1999,Louisiana,0,8
1999,Maine,8,8
1999,Maryland,8,8
1999,Massachusetts,8.15,8.15
1999,Michigan,8,8
1999,Minnesota,8,8
1999,Mississippi,0,8
1999,Missouri,8,8
1999,Montana,8,8
1999,Nebraska,8,8
1999,Nevada,8,8
1999,New Hampshire,8,8
1999,New Jersey,7.84,8
1999,New Mexico,6.6,8
1999,New York,6.6,8
1999,North Carolina,8,8
1999,North Dakota,8,8
1999,Ohio,6.6,8
1999,Oklahoma,8,8
1999,Oregon,9.32,9.32
1999,Pennsylvania,8,8
1999,Puerto Rico,1.86,8
1999,Rhode Island,8,8
1999,South Carolina,0,8
1999,South Dakota,8,8
1999,Tennessee,0,8
1999,Texas,5.2,8
1999,U.S. Virgin Islands,7.22,8
1999,Utah,8,8
1999,Vermont,8.15,8.15
1999,Virginia,8,8
1999,Washington,7.61,8
1999,West Virginia,7.37,8
1999,Wisconsin,8,8
1999,Wyoming,2.48,8
2000,Alabama,0,7.74
2000,Alaska,8.49,8.49
2000,Arizona,0,7.74
2000,Arkansas,7.74,7.74
2000,California,8.64,8.64
2000,Colorado,7.74,7.74
2000,Connecticut,9.24,9.24
2000,Delaware,8.49,8.49
2000,District of Columbia,9.24,9.24
2000,Florida,0,7.74
2000,Georgia,4.88,7.74
2000,Guam,7.74,7.74
2000,Hawaii,7.89,7.89
2000,Idaho,7.74,7.74
2000,Illinois,7.74,7.74
2000,Indiana,7.74,7.74
2000,Iowa,7.74,7.74
2000,Kansas,3.98,7.74
2000,Kentucky,7.74,7.74
2000,Louisiana,0,7.74
2000,Maine,7.74,7.74
2000,Maryland,7.74,7.74
2000,Massachusetts,9.01,9.01
2000,Michigan,7.74,7.74
2000,Minnesota,7.36,7.74
2000,Mississippi,0,7.74
2000,Missouri,7.74,7.74
2000,Montana,6.01,7.74
2000,Nebraska,7.74,7.74
2000,Nevada,7.74,7.74
2000,New Hampshire,7.74,7.74
2000,New Jersey,7.74,7.74
2000,New Mexico,6.38,7.74
2000,New York,6.38,7.74
2000,North Carolina,7.74,7.74
2000,North Dakota,7.74,7.74
2000,Ohio,4.21,7.74
2000,Oklahoma,3,7.74
2000,Oregon,9.76,9.76
2000,Pennsylvania,7.74,7.74
2000,Puerto Rico,5.42,7.74
2000,Rhode Island,8.49,8.49
2000,South Carolina,0,7.74
2000,South Dakota,7.74,7.74
2000,Tennessee,0,7.74
2000,Texas,5.03,7.74
2000,U.S. Virgin Islands,6.46,7.74
2000,Utah,7.74,7.74
2000,Vermont,8.64,8.64
2000,Virginia,7.74,7.74
2000,Washington,9.76,9.76
2000,West Virginia,7.74,7.74
2000,Wisconsin,7.74,7.74
2000,Wyoming,2.4,7.74
2001,Alabama,0,7.52
2001,Alaska,8.25,8.25
2001,Arizona,0,7.52
2001,Arkansas,7.52,7.52
2001,California,9.13,9.13
2001,Colorado,7.52,7.52
2001,Connecticut,9.35,9.35
2001,Delaware,8.98,8.98
2001,District of Columbia,8.98,8.98
2001,Florida,0,7.52
2001,Georgia,4.75,7.52
2001,Guam,7.52,7.52
2001,Hawaii,7.67,7.67
2001,Idaho,7.52,7.52
2001,Illinois,7.52,7.52
2001,Indiana,7.52,7.52
2001,Iowa,7.52,7.52
2001,Kansas,3.87,7.52
2001,Kentucky,7.52,7.52
2001,Louisiana,0,7.52
2001,Maine,7.52,7.52
2001,Maryland,7.52,7.52
2001,Massachusetts,9.86,9.86
2001,Michigan,7.52,7.52
2001,Minnesota,7.16,7.52
2001,Mississippi,0,7.52
2001,Missouri,7.52,7.52
2001,Montana,5.84,7.52
2001,Nebraska,7.52,7.52
2001,Nevada,7.52,7.52
2001,New Hampshire,7.52,7.52
2001,New Jersey,7.52,7.52
2001,New Mexico,6.21,7.52
2001,New York,7.52,7.52
2001,North Carolina,7.52,7.52
2001,North Dakota,7.52,7.52
2001,Ohio,4.09,7.52
2001,Oklahoma,2.92,7.52
2001,Oregon,9.49,9.49
2001,Pennsylvania,7.52,7.52
2001,Puerto Rico,5.27,7.52
2001,Rhode Island,8.98,8.98
2001,South Carolina,0,7.52
2001,South Dakota,7.52,7.52
2001,Tennessee,0,7.52
2001,Texas,4.89,7.52
2001,U.S. Virgin Islands,6.28,7.52
2001,Utah,7.52,7.52
2001,Vermont,9.13,9.13
2001,Virginia,7.52,7.52
2001,Washington,9.81,9.81
2001,West Virginia,7.52,7.52
2001,Wisconsin,7.52,7.52
2001,Wyoming,2.34,7.52
2002,Alabama,0,7.4
2002,Alaska,8.12,8.12
2002,Arizona,0,7.4
2002,Arkansas,7.4,7.4
2002,California,9.71,9.71
2002,Colorado,7.4,7.4
2002,Connecticut,9.63,9.63
2002,Delaware,8.84,8.84
2002,District of Columbia,8.84,8.84
2002,Florida,0,7.4
2002,Georgia,7.4,7.4
2002,Guam,7.4,7.4
2002,Hawaii,8.27,8.27
2002,Idaho,7.4,7.4
2002,Illinois,7.4,7.4
2002,Indiana,7.4,7.4
2002,Iowa,7.4,7.4
2002,Kansas,3.81,7.4
2002,Kentucky,7.4,7.4
2002,Louisiana,0,7.4
2002,Maine,8.27,8.27
2002,Maryland,7.4,7.4
2002,Massachusetts,9.71,9.71
2002,Michigan,7.4,7.4
2002,Minnesota,7.05,7.4
2002,Mississippi,0,7.4
2002,Missouri,7.4,7.4
2002,Montana,5.75,7.4
2002,Nebraska,7.4,7.4
2002,Nevada,7.4,7.4
2002,New Hampshire,7.4,7.4
2002,New Jersey,7.4,7.4
2002,New Mexico,6.11,7.4
2002,New York,7.4,7.4
2002,North Carolina,7.4,7.4
2002,North Dakota,7.4,7.4
2002,Ohio,4.03,7.4
2002,Oklahoma,2.88,7.4
2002,Oregon,9.35,9.35
2002,Pennsylvania,7.4,7.4
2002,Puerto Rico,5.19,7.4
2002,Rhode Island,8.84,8.84
2002,South Carolina,0,7.4
2002,South Dakota,7.4,7.4
2002,Tennessee,0,7.4
2002,Texas,7.4,7.4
2002,U.S. Virgin Islands,6.18,7.4
2002,Utah,7.4,7.4
2002,Vermont,8.99,8.99
2002,Virginia,7.4,7.4
2002,Washington,9.92,9.92
2002,West Virginia,7.4,7.4
2002,Wisconsin,7.4,7.4
2002,Wyoming,7.4,7.4
2003,Alabama,0,7.24
2003,Alaska,10.05,10.05
2003,Arizona,0,7.24
2003,Arkansas,7.24,7.24
2003,California,9.49,9.49
2003,Colorado,7.24,7.24
2003,Connecticut,9.7,9.7
2003,Delaware,8.65,8.65
2003,District of Columbia,8.65,8.65
2003,Florida,0,7.24
2003,Georgia,7.24,7.24
2003,Guam,7.24,7.24
2003,Hawaii,8.79,8.79
2003,Idaho,7.24,7.24
2003,Illinois,7.24,7.24
2003,Indiana,7.24,7.24
2003,Iowa,7.24,7.24
2003,Kansas,3.73,7.24
2003,Kentucky,7.24,7.24
2003,Louisiana,0,7.24
2003,Maine,8.79,8.79
2003,Maryland,7.24,7.24
2003,Massachusetts,9.49,9.49
2003,Michigan,7.24,7.24
2003,Minnesota,6.89,7.24
2003,Mississippi,0,7.24
2003,Missouri,7.24,7.24
2003,Montana,5.62,7.24
2003,Nebraska,7.24,7.24
2003,Nevada,7.24,7.24
2003,New Hampshire,7.24,7.24
2003,New Jersey,7.24,7.24
2003,New Mexico,5.97,7.24
2003,New York,7.24,7.24
2003,North Carolina,7.24,7.24
2003,North Dakota,7.24,7.24
2003,Ohio,3.94,7.24
2003,Oklahoma,2.81,7.24
2003,Oregon,9.7,9.7
2003,Pennsylvania,7.24,7.24
2003,Puerto Rico,5.07,7.24
2003,Rhode Island,8.65,8.65
2003,South Carolina,0,7.24
2003,South Dakota,7.24,7.24
2003,Tennessee,0,7.24
2003,Texas,7.24,7.24
2003,U.S. Virgin Islands,6.04,7.24
2003,Utah,7.24,7.24
2003,Vermont,8.79,8.79
2003,Virginia,7.24,7.24
2003,Washington,9.85,9.85
2003,West Virginia,7.24,7.24
2003,Wisconsin,7.24,7.24
2003,Wyoming,7.24,7.24
2004,Alabama,0,7.05
2004,Alaska,9.79,9.79
2004,Arizona,0,7.05
2004,Arkansas,7.05,7.05
2004,California,9.24,9.24
2004,Colorado,7.05,7.05
2004,Connecticut,9.72,9.72
2004,Delaware,8.42,8.42
2004,District of Columbia,8.42,8.42
2004,Florida,0,7.05
2004,Georgia,7.05,7.05
2004,Guam,7.05,7.05
2004,Hawaii,8.56,8.56
2004,Idaho,7.05,7.05
2004,Illinois,7.53,7.53
2004,Indiana,7.05,7.05
2004,Iowa,7.05,7.05
2004,Kansas,3.63,7.05
2004,Kentucky,7.05,7.05
2004,Louisiana,0,7.05
2004,Maine,8.56,8.56
2004,Maryland,7.05,7.05
2004,Massachusetts,9.24,9.24
2004,Michigan,7.05,7.05
2004,Minnesota,6.71,7.05
2004,Mississippi,0,7.05
2004,Missouri,7.05,7.05
2004,Montana,5.48,7.05
2004,Nebraska,7.05,7.05
2004,Nevada,7.05,7.05
2004,New Hampshire,7.05,7.05
2004,New Jersey,7.05,7.05
2004,New Mexico,7.05,7.05
2004,New York,7.05,7.05
2004,North Carolina,7.05,7.05
2004,North Dakota,7.05,7.05
2004,Ohio,3.83,7.05
2004,Oklahoma,2.74,7.05
2004,Oregon,9.65,9.65
2004,Pennsylvania,7.05,7.05
2004,Puerto Rico,4.94,7.05
2004,Rhode Island,9.24,9.24
2004,South Carolina,0,7.05
2004,South Dakota,7.05,7.05
2004,Tennessee,0,7.05
2004,Texas,7.05,7.05
2004,U.S. Virgin Islands,5.89,7.05
2004,Utah,7.05,7.05
2004,Vermont,9.24,9.24
2004,Virginia,7.05,7.05
2004,Washington,9.8,9.8
2004,West Virginia,7.05,7.05
2004,Wisconsin,7.05,7.05
2004,Wyoming,7.05,7.05
2005,Alabama,0,6.82
2005,Alaska,9.47,9.47
2005,Arizona,0,6.82
2005,Arkansas,6.82,6.82
2005,California,8.94,8.94
2005,Colorado,6.82,6.82
2005,Connecticut,9.4,9.4
2005,Delaware,8.15,8.15
2005,District of Columbia,8.74,8.74
2005,Florida,0,6.82
2005,Georgia,6.82,6.82
2005,Guam,6.82,6.82
2005,Hawaii,8.28,8.28
2005,Idaho,6.82,6.82
2005,Illinois,8.61,8.61
2005,Indiana,6.82,6.82
2005,Iowa,6.82,6.82
2005,Kansas,3.51,6.82
2005,Kentucky,6.82,6.82
2005,Louisiana,0,6.82
2005,Maine,8.41,8.41
2005,Maryland,6.82,6.82
2005,Massachusetts,8.94,8.94
2005,Michigan,6.82,6.82
2005,Minnesota,6.49,6.82
2005,Mississippi,0,6.82
2005,Missouri,6.82,6.82
2005,Montana,5.3,6.82
2005,Nebraska,6.82,6.82
2005,Nevada,6.82,6.82
2005,New Hampshire,6.82,6.82
2005,New Jersey,6.82,6.82
2005,New Mexico,6.82,6.82
2005,New York,7.95,7.95
2005,North Carolina,6.82,6.82
2005,North Dakota,6.82,6.82
2005,Ohio,3.71,6.82
2005,Oklahoma,2.65,6.82
2005,Oregon,9.6,9.6
2005,Pennsylvania,6.82,6.82
2005,Puerto Rico,4.78,6.82
2005,Rhode Island,8.94,8.94
2005,South Carolina,0,6.82
2005,South Dakota,6.82,6.82
2005,Tennessee,0,6.82
2005,Texas,6.82,6.82
2005,U.S. Virgin Islands,5.7,6.82
2005,Utah,6.82,6.82
2005,Vermont,9.27,9.27
2005,Virginia,6.82,6.82
2005,Washington,9.73,9.73
2005,West Virginia,6.82,6.82
2005,Wisconsin,6.82,6.82
2005,Wyoming,6.82,6.82
2006,Alabama,0,6.61
2006,Alaska,9.17,9.17
2006,Arizona,0,6.61
2006,Arkansas,6.61,6.61
2006,California,8.66,8.66
2006,Colorado,6.61,6.61
2006,Connecticut,9.49,9.49
2006,Delaware,7.89,7.89
2006,District of Columbia,8.98,8.98
2006,Florida,8.21,8.21
2006,Georgia,6.61,6.61
2006,Guam,6.61,6.61
2006,Hawaii,8.66,8.66
2006,Idaho,6.61,6.61
2006,Illinois,8.34,8.34
2006,Indiana,6.61,6.61
2006,Iowa,6.61,6.61
2006,Kansas,3.4,6.61
2006,Kentucky,6.61,6.61
2006,Louisiana,0,6.61
2006,Maine,8.34,8.34
2006,Maryland,6.61,6.61
2006,Massachusetts,8.66,8.66
2006,Michigan,6.61,6.61
2006,Minnesota,6.74,6.74
2006,Mississippi,0,6.61
2006,Missouri,6.61,6.61
2006,Montana,5.13,6.61
2006,Nebraska,6.61,6.61
2006,Nevada,6.61,6.61
2006,New Hampshire,6.61,6.61
2006,New Jersey,7.89,7.89
2006,New Mexico,6.61,6.61
2006,New York,8.66,8.66
2006,North Carolina,6.61,6.61
2006,North Dakota,6.61,6.61
2006,Ohio,3.59,6.61
2006,Oklahoma,2.57,6.61
2006,Oregon,9.62,9.62
2006,Pennsylvania,6.61,6.61
2006,Puerto Rico,4.63,6.61
2006,Rhode Island,8.66,8.66
2006,South Carolina,0,6.61
2006,South Dakota,6.61,6.61
2006,Tennessee,0,6.61
2006,Texas,6.61,6.61
2006,U.S. Virgin Islands,5.52,6.61
2006,Utah,6.61,6.61
2006,Vermont,9.3,9.3
2006,Virginia,6.61,6.61
2006,Washington,9.79,9.79
2006,West Virginia,6.61,6.61
2006,Wisconsin,7.31,7.31
2006,Wyoming,6.61,6.61
2007,Alabama,0,6.42
2007,Alaska,8.92,8.92
2007,Arizona,8.42,8.42
2007,Arkansas,7.8,7.8
2007,California,9.36,9.36
2007,Colorado,8.55,8.55
2007,Connecticut,9.54,9.54
2007,Delaware,8.3,8.3
2007,District of Columbia,8.73,8.73
2007,Florida,8.32,8.32
2007,Georgia,6.42,6.42
2007,Guam,6.42,6.42
2007,Hawaii,9.04,9.04
2007,Idaho,6.42,6.42
2007,Illinois,9.36,9.36
2007,Indiana,6.42,6.42
2007,Iowa,6.42,6.42
2007,Kansas,3.31,6.42
2007,Kentucky,6.42,6.42
2007,Louisiana,0,6.42
2007,Maine,8.42,8.42
2007,Maryland,7.67,7.67
2007,Massachusetts,9.36,9.36
2007,Michigan,8.67,8.67
2007,Minnesota,6.55,6.55
2007,Mississippi,0,6.42
2007,Missouri,8.11,8.11
2007,Montana,4.99,6.42
2007,Nebraska,6.42,6.42
2007,Nevada,7.67,7.67
2007,New Hampshire,6.42,6.42
2007,New Jersey,8.92,8.92
2007,New Mexico,6.42,6.42
2007,New York,8.92,8.92
2007,North Carolina,7.67,7.67
2007,North Dakota,6.42,6.42
2007,Ohio,8.55,8.55
2007,Oklahoma,2.5,6.42
2007,Oregon,9.73,9.73
2007,Pennsylvania,7.8,7.8
2007,Puerto Rico,4.5,6.42
2007,Rhode Island,9.23,9.23
2007,South Carolina,0,6.42
2007,South Dakota,6.42,6.42
2007,Tennessee,0,6.42
2007,Texas,6.42,6.42
2007,U.S. Virgin Islands,5.36,6.42
2007,Utah,6.42,6.42
2007,Vermont,9.39,9.39
2007,Virginia,6.42,6.42
2007,Washington,9.89,9.89
2007,West Virginia,7.3,7.3
2007,Wisconsin,8.11,8.11
2007,Wyoming,6.42,6.42
2008,Alabama,0,7.03
2008,Alaska,8.59,8.59
2008,Arizona,8.29,8.29
2008,Arkansas,7.51,7.51
2008,California,9.61,9.61
2008,Colorado,8.43,8.43
2008,Connecticut,9.19,9.19
2008,Delaware,8.59,8.59
2008,District of Columbia,8.41,8.41
2008,Florida,8.16,8.16
2008,Georgia,6.19,7.03
2008,Guam,7.03,7.03
2008,Hawaii,8.71,8.71
2008,Idaho,7.03,7.03
2008,Illinois,9.31,9.31
2008,Indiana,7.03,7.03
2008,Iowa,8.71,8.71
2008,Kansas,3.18,7.03
2008,Kentucky,7.03,7.03
2008,Louisiana,0,7.03
2008,Maine,8.41,8.41
2008,Maryland,7.39,7.39
2008,Massachusetts,9.61,9.61
2008,Michigan,8.59,8.59
2008,Minnesota,6.31,7.03
2008,Mississippi,0,7.03
2008,Missouri,7.99,7.99
2008,Montana,4.81,7.03
2008,Nebraska,7.03,7.03
2008,Nevada,7.6,7.6
2008,New Hampshire,7.81,7.81
2008,New Jersey,8.59,8.59
2008,New Mexico,7.81,7.81
2008,New York,8.59,8.59
2008,North Carolina,7.39,7.39
2008,North Dakota,7.03,7.03
2008,Ohio,8.41,8.41
2008,Oklahoma,2.4,7.03
2008,Oregon,9.55,9.55
2008,Pennsylvania,8.59,8.59
2008,Puerto Rico,4.34,7.03
2008,Rhode Island,8.89,8.89
2008,South Carolina,0,7.03
2008,South Dakota,7.03,7.03
2008,Tennessee,0,7.03
2008,Texas,7.03,7.03
2008,U.S. Virgin Islands,5.17,7.03
2008,Utah,7.03,7.03
2008,Vermont,9.23,9.23
2008,Virginia,7.03,7.03
2008,Washington,9.7,9.7
2008,West Virginia,7.87,7.87
2008,Wisconsin,7.81,7.81
2008,Wyoming,6.19,7.03
2009,Alabama,0,7.9
2009,Alaska,8.62,8.62
2009,Arizona,8.74,8.74
2009,Arkansas,7.54,7.9
2009,California,9.65,9.65
2009,Colorado,8.78,8.78
2009,Connecticut,9.65,9.65
2009,Delaware,8.62,8.62
2009,District of Columbia,9.1,9.1
2009,Florida,8.69,8.69
2009,Georgia,6.21,7.9
2009,Guam,7.05,7.9
2009,Hawaii,8.74,8.74
2009,Idaho,7.9,7.9
2009,Illinois,9.65,9.65
2009,Indiana,7.9,7.9
2009,Iowa,8.74,8.74
2009,Kansas,3.2,7.9
2009,Kentucky,7.9,7.9
2009,Louisiana,0,7.9
2009,Maine,8.74,8.74
2009,Maryland,7.9,7.9
2009,Massachusetts,9.65,9.65
2009,Michigan,8.92,8.92
2009,Minnesota,6.33,7.9
2009,Mississippi,0,7.9
2009,Missouri,8.5,8.5
2009,Montana,4.82,7.9
2009,Nebraska,7.9,7.9
2009,Nevada,7.9,7.9
2009,New Hampshire,8.74,8.74
2009,New Jersey,8.62,8.62
2009,New Mexico,9.04,9.04
2009,New York,8.62,8.62
2009,North Carolina,7.9,7.9
2009,North Dakota,7.9,7.9
2009,Ohio,8.8,8.8
2009,Oklahoma,2.41,7.9
2009,Oregon,10.13,10.13
2009,Pennsylvania,8.62,8.62
2009,Puerto Rico,4.94,7.9
2009,Rhode Island,8.92,8.92
2009,South Carolina,0,7.9
2009,South Dakota,7.9,7.9
2009,Tennessee,0,7.9
2009,Texas,7.9,7.9
2009,U.S. Virgin Islands,5.18,7.9
2009,Utah,7.9,7.9
2009,Vermont,9.72,9.72
2009,Virginia,7.9,7.9
2009,Washington,10.31,10.31
2009,West Virginia,8.74,8.74
2009,Wisconsin,7.84,7.9
2009,Wyoming,6.21,7.9
2010,Alabama,0,8.6
2010,Alaska,9.19,9.19
2010,Arizona,8.6,8.6
2010,Arkansas,7.41,8.6
2010,California,9.49,9.49
2010,Colorado,8.59,8.6
2010,Connecticut,9.79,9.79
2010,Delaware,8.6,8.6
2010,District of Columbia,9.79,9.79
2010,Florida,8.6,8.6
2010,Georgia,6.11,8.6
2010,Guam,8.6,8.6
2010,Hawaii,8.6,8.6
2010,Idaho,8.6,8.6
2010,Illinois,9.79,9.79
2010,Indiana,8.6,8.6
2010,Iowa,8.6,8.6
2010,Kansas,8.6,8.6
2010,Kentucky,8.6,8.6
2010,Louisiana,0,8.6
2010,Maine,8.9,8.9
2010,Maryland,8.6,8.6
2010,Massachusetts,9.49,9.49
2010,Michigan,8.78,8.78
2010,Minnesota,6.23,8.6
2010,Mississippi,0,8.6
2010,Missouri,8.6,8.6
2010,Montana,4.74,8.6
2010,Nebraska,8.6,8.6
2010,Nevada,7.77,8.6
2010,New Hampshire,8.6,8.6
2010,New Jersey,8.6,8.6
2010,New Mexico,8.9,8.9
2010,New York,8.6,8.6
2010,North Carolina,8.6,8.6
2010,North Dakota,8.6,8.6
2010,Ohio,8.66,8.66
2010,Oklahoma,2.37,8.6
2010,Oregon,9.96,9.96
2010,Pennsylvania,8.6,8.6
2010,Puerto Rico,0,8.6
2010,Rhode Island,8.78,8.78
2010,South Carolina,0,8.6
2010,South Dakota,8.6,8.6
2010,Tennessee,0,8.6
2010,Texas,8.6,8.6
2010,U.S. Virgin Islands,5.1,8.6
2010,Utah,8.6,8.6
2010,Vermont,9.56,9.56
2010,Virginia,8.6,8.6
2010,Washington,10.14,10.14
2010,West Virginia,8.6,8.6
2010,Wisconsin,8.6,8.6
2010,Wyoming,6.11,8.6
2011,Alabama,0,8.34
2011,Alaska,8.91,8.91
2011,Arizona,8.45,8.45
2011,Arkansas,7.19,8.34
2011,California,9.2,9.2
2011,Colorado,8.46,8.46
2011,Connecticut,9.49,9.49
2011,Delaware,8.34,8.34
2011,District of Columbia,9.49,9.49
2011,Florida,8.34,8.34
2011,Georgia,5.92,8.34
2011,Guam,8.34,8.34
2011,Hawaii,8.34,8.34
2011,Idaho,8.34,8.34
2011,Illinois,9.49,9.49
2011,Indiana,8.34,8.34
2011,Iowa,8.34,8.34
2011,Kansas,8.34,8.34
2011,Kentucky,8.34,8.34
2011,Louisiana,0,8.34
2011,Maine,8.62,8.62
2011,Maryland,8.34,8.34
2011,Massachusetts,9.2,9.2
2011,Michigan,8.51,8.51
2011,Minnesota,6.04,8.34
2011,Mississippi,0,8.34
2011,Missouri,8.34,8.34
2011,Montana,4.6,8.34
2011,Nebraska,8.34,8.34
2011,Nevada,8.34,8.34
2011,New Hampshire,8.34,8.34
2011,New Jersey,8.34,8.34
2011,New Mexico,8.62,8.62
2011,New York,8.34,8.34
2011,North Carolina,8.34,8.34
2011,North Dakota,8.34,8.34
2011,Ohio,8.51,8.51
2011,Oklahoma,2.3,8.34
2011,Oregon,9.77,9.77
2011,Pennsylvania,8.34,8.34
2011,Puerto Rico,0,8.34
2011,Rhode Island,8.51,8.51
2011,South Carolina,0,8.34
2011,South Dakota,8.34,8.34
2011,Tennessee,0,8.34
2011,Texas,8.34,8.34
2011,U.S. Virgin Islands,4.94,8.34
2011,Utah,8.34,8.34
2011,Vermont,9.37,9.37
2011,Virginia,8.34,8.34
2011,Washington,9.97,9.97
2011,West Virginia,8.34,8.34
2011,Wisconsin,8.34,8.34
2011,Wyoming,5.92,8.34
2012,Alabama,0,8.17
2012,Alaska,8.73,8.73
2012,Arizona,8.62,8.62
2012,Arkansas,7.04,8.17
2012,California,9.01,9.01
2012,Colorado,8.61,8.61
2012,Connecticut,9.29,9.29
2012,Delaware,8.17,8.17
2012,District of Columbia,9.29,9.29
2012,Florida,8.64,8.64
2012,Georgia,5.8,8.17
2012,Guam,8.17,8.17
2012,Hawaii,8.17,8.17
2012,Idaho,8.17,8.17
2012,Illinois,9.29,9.29
2012,Indiana,8.17,8.17
2012,Iowa,8.17,8.17
2012,Kansas,8.17,8.17
2012,Kentucky,8.17,8.17
2012,Louisiana,0,8.17
2012,Maine,8.45,8.45
2012,Maryland,8.17,8.17
2012,Massachusetts,9.01,9.01
2012,Michigan,8.34,8.34
2012,Minnesota,5.91,8.17
2012,Mississippi,0,8.17
2012,Missouri,8.17,8.17
2012,Montana,4.51,8.17
2012,Nebraska,8.17,8.17
2012,Nevada,8.17,8.17
2012,New Hampshire,8.17,8.17
2012,New Jersey,8.17,8.17
2012,New Mexico,8.45,8.45
2012,New York,8.17,8.17
2012,North Carolina,8.17,8.17
2012,North Dakota,8.17,8.17
2012,Ohio,8.67,8.67
2012,Oklahoma,2.25,8.17
2012,Oregon,9.91,9.91
2012,Pennsylvania,8.17,8.17
2012,Puerto Rico,0,8.17
2012,Rhode Island,8.34,8.34
2012,South Carolina,0,8.17
2012,South Dakota,8.17,8.17
2012,Tennessee,0,8.17
2012,Texas,8.17,8.17
2012,U.S. Virgin Islands,4.84,8.17
2012,Utah,8.17,8.17
2012,Vermont,9.53,9.53
2012,Virginia,8.17,8.17
2012,Washington,10.18,10.18
2012,West Virginia,8.17,8.17
2012,Wisconsin,8.17,8.17
2012,Wyoming,5.8,8.17
2013,Alabama,0,8.05
2013,Alaska,8.61,8.61
2013,Arizona,8.66,8.66
2013,Arkansas,6.94,8.05
2013,California,8.88,8.88
2013,Colorado,8.64,8.64
2013,Connecticut,9.16,9.16
2013,Delaware,8.05,8.05
2013,District of Columbia,9.16,9.16
2013,Florida,8.65,8.65
2013,Georgia,5.72,8.05
2013,Guam,8.05,8.05
2013,Hawaii,8.05,8.05
2013,Idaho,8.05,8.05
2013,Illinois,9.16,9.16
2013,Indiana,8.05,8.05
2013,Iowa,8.05,8.05
2013,Kansas,8.05,8.05
2013,Kentucky,8.05,8.05
2013,Louisiana,0,8.05
2013,Maine,8.33,8.33
2013,Maryland,8.05,8.05
2013,Massachusetts,8.88,8.88
2013,Michigan,8.22,8.22
2013,Minnesota,5.83,8.05
2013,Mississippi,0,8.05
2013,Missouri,8.16,8.16
2013,Montana,4.44,8.05
2013,Nebraska,8.05,8.05
2013,Nevada,8.05,8.05
2013,New Hampshire,8.05,8.05
2013,New Jersey,8.05,8.05
2013,New Mexico,8.33,8.33
2013,New York,8.05,8.05
2013,North Carolina,8.05,8.05
2013,North Dakota,8.05,8.05
2013,Ohio,8.72,8.72
2013,Oklahoma,2.22,8.05
2013,Oregon,9.94,9.94
2013,Pennsylvania,8.05,8.05
2013,Puerto Rico,0,8.05
2013,Rhode Island,8.61,8.61
2013,South Carolina,0,8.05
2013,South Dakota,8.05,8.05
2013,Tennessee,0,8.05
2013,Texas,8.05,8.05
2013,U.S. Virgin Islands,4.77,8.05
2013,Utah,8.05,8.05
2013,Vermont,9.55,9.55
2013,Virginia,8.05,8.05
2013,Washington,10.2,10.2
2013,West Virginia,8.05,8.05
2013,Wisconsin,8.05,8.05
2013,Wyoming,5.72,8.05
2014,Alabama,0,7.92
2014,Alaska,8.47,8.47
2014,Arizona,8.63,8.63
2014,Arkansas,6.83,7.92
2014,California,9.83,9.83
2014,Colorado,8.74,8.74
2014,Connecticut,9.51,9.51
2014,Delaware,8.47,8.47
2014,District of Columbia,10.38,10.38
2014,Florida,8.66,8.66
2014,Georgia,5.63,7.92
2014,Guam,7.92,7.92
2014,Hawaii,7.92,7.92
2014,Idaho,7.92,7.92
2014,Illinois,9.01,9.01
2014,Indiana,7.92,7.92
2014,Iowa,7.92,7.92
2014,Kansas,7.92,7.92
2014,Kentucky,7.92,7.92
2014,Louisiana,0,7.92
2014,Maine,8.19,8.19
2014,Maryland,7.92,7.92
2014,Massachusetts,8.74,8.74
2014,Michigan,8.9,8.9
2014,Minnesota,7.1,7.92
2014,Mississippi,0,7.92
2014,Missouri,8.19,8.19
2014,Montana,8.63,8.63
2014,Nebraska,7.92,7.92
2014,Nevada,7.92,7.92
2014,New Hampshire,7.92,7.92
2014,New Jersey,9.01,9.01
2014,New Mexico,8.19,8.19
2014,New York,8.74,8.74
2014,North Carolina,7.92,7.92
2014,North Dakota,7.92,7.92
2014,Ohio,7.92,7.92
2014,Oklahoma,2.19,7.92
2014,Oregon,9.94,9.94
2014,Pennsylvania,7.92,7.92
2014,Puerto Rico,5.55,7.92
2014,Rhode Island,8.74,8.74
2014,South Carolina,0,7.92
2014,South Dakota,7.92,7.92
2014,Tennessee,0,7.92
2014,Texas,7.92,7.92
2014,U.S. Virgin Islands,4.7,7.92
2014,Utah,7.92,7.92
2014,Vermont,9.54,9.54
2014,Virginia,7.92,7.92
2014,Washington,10.18,10.18
2014,West Virginia,7.92,7.92
2014,Wisconsin,7.92,7.92
2014,Wyoming,5.63,7.92
2015,Alabama,0,7.91
2015,Alaska,9.55,9.55
2015,Arizona,8.79,8.79
2015,Arkansas,8.18,8.18
2015,California,9.82,9.82
2015,Colorado,8.98,8.98
2015,Connecticut,9.99,9.99
2015,Delaware,9,9
2015,District of Columbia,11.46,11.46
2015,Florida,8.79,8.79
2015,Georgia,5.62,7.91
2015,Guam,9,9
2015,Hawaii,8.46,8.46
2015,Idaho,7.91,7.91
2015,Illinois,9,9
2015,Indiana,7.91,7.91
2015,Iowa,7.91,7.91
2015,Kansas,7.91,7.91
2015,Kentucky,7.91,7.91
2015,Louisiana,0,7.91
2015,Maine,8.18,8.18
2015,Maryland,9,9
2015,Massachusetts,9.82,9.82
2015,Michigan,8.89,8.89
2015,Minnesota,7.91,7.91
2015,Mississippi,0,7.91
2015,Missouri,8.35,8.35
2015,Montana,8.79,8.79
2015,Nebraska,8.73,8.73
2015,Nevada,7.91,7.91
2015,New Hampshire,7.91,7.91
2015,New Jersey,9.15,9.15
2015,New Mexico,8.18,8.18
2015,New York,9.55,9.55
2015,North Carolina,7.91,7.91
2015,North Dakota,7.91,7.91
2015,Ohio,7.91,7.91
2015,Oklahoma,2.18,7.91
2015,Oregon,10.09,10.09
2015,Pennsylvania,7.91,7.91
2015,Puerto Rico,5.54,7.91
2015,Rhode Island,9.82,9.82
2015,South Carolina,0,7.91
2015,South Dakota,9.28,9.28
2015,Tennessee,0,7.91
2015,Texas,7.91,7.91
2015,U.S. Virgin Islands,4.69,7.91
2015,Utah,7.91,7.91
2015,Vermont,9.99,9.99
2015,Virginia,7.91,7.91
2015,Washington,10.33,10.33
2015,West Virginia,8.73,8.73
2015,Wisconsin,7.91,7.91
2015,Wyoming,5.62,7.91
2016,Alabama,0,7.81
2016,Alaska,10.51,10.51
2016,Arizona,8.68,8.68
2016,Arkansas,8.62,8.62
2016,California,10.78,10.78
2016,Colorado,8.96,8.96
2016,Connecticut,10.35,10.35
2016,Delaware,8.89,8.89
2016,District of Columbia,12.39,12.39
2016,Florida,8.68,8.68
2016,Georgia,5.55,7.81
2016,Guam,8.89,8.89
2016,Hawaii,9.16,9.16
2016,Idaho,7.81,7.81
2016,Illinois,8.89,8.89
2016,Indiana,7.81,7.81
2016,Iowa,7.81,7.81
2016,Kansas,7.81,7.81
2016,Kentucky,7.81,7.81
2016,Louisiana,0,7.81
2016,Maine,8.08,8.08
2016,Maryland,9.43,9.43
2016,Massachusetts,10.78,10.78
2016,Michigan,9.16,9.16
2016,Minnesota,7.81,7.81
2016,Mississippi,0,7.81
2016,Missouri,8.24,8.24
2016,Montana,8.68,8.68
2016,Nebraska,9.7,9.7
2016,Nevada,7.81,7.81
2016,New Hampshire,7.81,7.81
2016,New Jersey,9.03,9.03
2016,New Mexico,8.08,8.08
2016,New York,9.7,9.7
2016,North Carolina,7.81,7.81
2016,North Dakota,7.81,7.81
2016,Ohio,7.81,7.81
2016,Oklahoma,2.16,7.81
2016,Oregon,10.51,10.51
2016,Pennsylvania,7.81,7.81
2016,Puerto Rico,5.47,7.81
2016,Rhode Island,10.35,10.35
2016,South Carolina,0,7.81
2016,South Dakota,9.21,9.21
2016,Tennessee,0,7.81
2016,Texas,7.81,7.81
2016,U.S. Virgin Islands,4.63,7.81
2016,Utah,7.81,7.81
2016,Vermont,10.35,10.35
2016,Virginia,7.81,7.81
2016,Washington,10.21,10.21
2016,West Virginia,9.43,9.43
2016,Wisconsin,7.81,7.81
2016,Wyoming,5.55,7.81
2017,Alabama,0,7.65
2017,Alaska,10.34,10.34
2017,Arizona,10.55,10.55
2017,Arkansas,8.97,8.97
2017,California,10.55,10.55
2017,Colorado,9.81,9.81
2017,Connecticut,10.66,10.66
2017,Delaware,8.71,8.71
2017,District of Columbia,12.14,12.14
2017,Florida,8.55,8.55
2017,Georgia,5.43,7.65
2017,Guam,8.71,8.71
2017,Hawaii,9.76,9.76
2017,Idaho,7.65,7.65
2017,Illinois,8.71,8.71
2017,Indiana,7.65,7.65
2017,Iowa,7.65,7.65
2017,Kansas,7.65,7.65
2017,Kentucky,7.65,7.65
2017,Louisiana,0,7.65
2017,Maine,9.5,9.5
2017,Maryland,9.23,9.23
2017,Massachusetts,11.61,11.61
2017,Michigan,9.39,9.39
2017,Minnesota,8.18,8.18
2017,Mississippi,0,7.65
2017,Missouri,8.13,8.13
2017,Montana,8.6,8.6
2017,Nebraska,9.5,9.5
2017,Nevada,7.65,7.65
2017,New Hampshire,7.65,7.65
2017,New Jersey,8.91,8.91
2017,New Mexico,7.91,7.91
2017,New York,10.24,10.24
2017,North Carolina,7.65,7.65
2017,North Dakota,7.65,7.65
2017,Ohio,8.6,8.6
2017,Oklahoma,2.11,7.65
2017,Oregon,10.29,10.29
2017,Pennsylvania,7.65,7.65
2017,Puerto Rico,5.36,7.65
2017,Rhode Island,10.13,10.13
2017,South Carolina,0,7.65
2017,South Dakota,9.13,9.13
2017,Tennessee,0,7.65
2017,Texas,7.65,7.65
2017,U.S. Virgin Islands,4.54,7.65
2017,Utah,7.65,7.65
2017,Vermont,10.55,10.55
2017,Virginia,7.65,7.65
2017,Washington,11.61,11.61
2017,West Virginia,9.23,9.23
2017,Wisconsin,7.65,7.65
2017,Wyoming,5.43,7.65
2018,Alabama,0,7.47
2018,Alaska,10.14,10.14
2018,Arizona,10.82,10.82
2018,Arkansas,8.76,8.76
2018,California,11.33,11.33
2018,Colorado,10.51,10.51
2018,Connecticut,10.4,10.4
2018,Delaware,8.5,8.5
2018,District of Columbia,13.65,13.65
2018,Florida,8.5,8.5
2018,Georgia,5.3,7.47
2018,Guam,8.5,8.5
2018,Hawaii,10.4,10.4
2018,Idaho,7.47,7.47
2018,Illinois,8.5,8.5
2018,Indiana,7.47,7.47
2018,Iowa,7.47,7.47
2018,Kansas,7.47,7.47
2018,Kentucky,7.47,7.47
2018,Louisiana,0,7.47
2018,Maine,10.3,10.3
2018,Maryland,10.4,10.4
2018,Massachusetts,11.33,11.33
2018,Michigan,9.53,9.53
2018,Minnesota,8.28,8.28
2018,Mississippi,0,7.47
2018,Missouri,8.09,8.09
2018,Montana,8.55,8.55
2018,Nebraska,9.27,9.27
2018,Nevada,7.47,7.47
2018,New Hampshire,7.47,7.47
2018,New Jersey,8.86,8.86
2018,New Mexico,7.73,7.73
2018,New York,10.71,10.71
2018,North Carolina,7.47,7.47
2018,North Dakota,7.47,7.47
2018,Ohio,8.55,8.55
2018,Oklahoma,2.06,7.47
2018,Oregon,11.07,11.07
2018,Pennsylvania,7.47,7.47
2018,Puerto Rico,5.23,7.47
2018,Rhode Island,10.4,10.4
2018,South Carolina,0,7.47
2018,South Dakota,9.12,9.12
2018,Tennessee,0,7.47
2018,Texas,7.47,7.47
2018,U.S. Virgin Islands,4.43,7.47
2018,Utah,7.47,7.47
2018,Vermont,10.82,10.82
2018,Virginia,7.47,7.47
2018,Washington,11.85,11.85
2018,West Virginia,9.01,9.01
2018,Wisconsin,7.47,7.47
2018,Wyoming,5.3,7.47
2019,Alabama,0,7.34
2019,Alaska,10.31,10.31
2019,Arizona,12.14,12.14
2019,Arkansas,9.36,9.36
2019,California,12.14,12.14
2019,Colorado,12.14,12.14
2019,Connecticut,11.13,11.13
2019,Delaware,9.36,9.36
2019,District of Columbia,14.16,14.16
2019,Florida,8.66,8.66
2019,Georgia,5.21,7.34
2019,Guam,8.35,8.35
2019,Hawaii,10.22,10.22
2019,Idaho,7.34,7.34
2019,Illinois,9.36,9.36
2019,Indiana,7.34,7.34
2019,Iowa,7.34,7.34
2019,Kansas,7.34,7.34
2019,Kentucky,7.34,7.34
2019,Louisiana,0,7.34
2019,Maine,12.14,12.14
2019,Maryland,11.13,11.13
2019,Massachusetts,12.9,12.9
2019,Michigan,9.76,9.76
2019,Minnesota,8.25,8.25
2019,Mississippi,0,7.34
2019,Missouri,9.56,9.56
2019,Montana,8.75,8.75
2019,Nebraska,9.11,9.11
2019,Nevada,7.34,7.34
2019,New Hampshire,7.34,7.34
2019,New Jersey,11.13,11.13
2019,New Mexico,9.11,9.11
2019,New York,11.94,11.94
2019,North Carolina,7.34,7.34
2019,North Dakota,7.34,7.34
2019,Ohio,8.8,8.8
2019,Oklahoma,2.02,7.34
2019,Oregon,11.38,11.38
2019,Pennsylvania,7.34,7.34
2019,Puerto Rico,5.14,7.34
2019,Rhode Island,10.62,10.62
2019,South Carolina,0,7.34
2019,South Dakota,9.41,9.41
2019,Tennessee,0,7.34
2019,Texas,7.34,7.34
2019,U.S. Virgin Islands,10.62,10.62
2019,Utah,7.34,7.34
2019,Vermont,11.09,11.09
2019,Virginia,7.34,7.34
2019,Washington,13.66,13.66
2019,West Virginia,8.85,8.85
2019,Wisconsin,7.34,7.34
2019,Wyoming,5.21,7.34
2020,Alabama,0,7.25
2020,Alaska,10.19,10.19
2020,Arizona,12,12
2020,Arkansas,10,10
2020,California,13,13
2020,Colorado,12,12
2020,Connecticut,11,11
2020,Delaware,9.25,9.25
2020,District of Columbia,14,14
2020,Florida,8.56,8.56
2020,Georgia,5.15,7.25
2020,Guam,8.25,8.25
2020,Hawaii,10.1,10.1
2020,Idaho,7.25,7.25
2020,Illinois,9.25,9.25
2020,Indiana,7.25,7.25
2020,Iowa,7.25,7.25
2020,Kansas,7.25,7.25
2020,Kentucky,7.25,7.25
2020,Louisiana,0,7.25
2020,Maine,12,12
2020,Maryland,11,11
2020,Massachusetts,12.75,12.75
2020,Michigan,9.65,9.65
2020,Minnesota,8.15,8.15
2020,Mississippi,0,7.25
2020,Missouri,9.45,9.45
2020,Montana,8.65,8.65
2020,Nebraska,9,9
2020,Nevada,7.25,7.25
2020,New Hampshire,7.25,7.25
2020,New Jersey,11,11
2020,New Mexico,9,9
2020,New York,11.8,11.8
2020,North Carolina,7.25,7.25
2020,North Dakota,7.25,7.25
2020,Ohio,8.7,8.7
2020,Oklahoma,2,7.25
2020,Oregon,11.25,11.25
2020,Pennsylvania,7.25,7.25
2020,Puerto Rico,5.08,7.25
2020,Rhode Island,10.5,10.5
2020,South Carolina,0,7.25
2020,South Dakota,9.3,9.3
2020,Tennessee,0,7.25
2020,Texas,7.25,7.25
2020,U.S. Virgin Islands,10.5,10.5
2020,Utah,7.25,7.25
2020,Vermont,10.96,10.96
2020,Virginia,7.25,7.25
2020,Washington,13.5,13.5
2020,West Virginia,8.75,8.75
2020,Wisconsin,7.25,7.25
2020,Wyoming,5.15,7.25